NOC_x,Year,参赛运动员数量,获奖运动员数量,获奖运动员占参赛比例,运动员获奖比例平均值,男性比率,参加Sport项数
0,1936,15,0,0,0,1,2
0,1948,22,0,0,0,1,2
0,1956,12,0,0,0,1,1
0,1960,12,0,0,0,1,2
0,1964,8,0,0,0,1,1
0,1968,5,0,0,0,1,1
0,1972,8,0,0,0,1,1
0,1980,11,0,0,0,1,2
0,1988,5,0,0,0,1,1
0,1996,2,0,0,0,1,1
0,2004,5,0,0,0,0.6,4
0,2008,4,1,0.25,1,0.75,2
0,2012,6,1,0.1667,1,0.8333,4
0,2016,3,0,0,0,0.6667,2
0,2020,5,0,0,0,0.8,4
0,2024,6,0,0,0,0.4286,4
1,1952,11,0,0,0,1,1
1,1960,5,0,0,0,1,1
1,1964,4,0,0,0,1,2
1,1968,5,0,0,0,0.6,2
1,1972,2,0,0,0,1,2
1,1976,4,0,0,0,1,2
1,1984,8,0,0,0,0.4615,3
1,1988,3,1,0.3333,1,0.75,3
1,1992,4,0,0,0,0.75,3
1,1996,6,0,0,0,1,5
1,2000,7,0,0,0,0.875,6
1,2004,3,0,0,0,1,2
1,2008,3,0,0,0,1,3
2,2024,32,6,0.1875,1,0.4565,10
3,1972,5,0,0,0,0.8,2
3,1992,7,0,0,0,0.7778,4
3,1996,7,0,0,0,0.3333,5
3,2000,4,0,0,0,0.4,3
3,2004,7,0,0,0,0.7143,4
3,2008,11,0,0,0,0.5833,6
3,2012,9,0,0,0,0.7,5
3,2016,6,0,0,0,0.5,3
3,2020,9,0,0,0,0.6,6
3,2024,8,2,0.25,1,0.5556,4
4,1964,1,0,0,0,1,1
4,1968,3,0,0,0,1,2
4,1972,5,0,0,0,1,2
4,1980,54,0,0,0,1,9
4,1984,33,2,0.0606,1,1,4
4,1988,42,0,0,0,0.9333,7
4,1992,35,2,0.0571,1,0.9444,7
4,1996,45,3,0.0667,1,0.8723,9
4,2000,47,5,0.1064,1,0.8039,10
4,2004,61,0,0,0,0.7606,10
4,2008,56,2,0.0357,1,0.614,12
4,2012,38,1,0.0263,1,0.5641,12
4,2016,64,1,0.0156,2,0.8243,13
4,2020,41,0,0,0,0.6667,15
4,2024,46,3,0.0652,1,0.4909,15
5,1976,3,0,0,0,1,2
5,1980,2,0,0,0,1,1
5,1984,2,0,0,0,1,1
5,1988,3,0,0,0,1,2
5,1992,8,0,0,0,0.875,5
5,1996,8,0,0,0,0.75,5
5,2000,5,0,0,0,0.6,3
5,2004,6,0,0,0,0.6667,4
5,2008,5,0,0,0,0.6,4
5,2012,6,0,0,0,0.6667,4
5,2016,4,0,0,0,0.5,4
5,2020,2,0,0,0,0.3333,2
5,2024,2,0,0,0,0.25,2
6,1980,11,0,0,0,0.8824,3
6,1988,24,0,0,0,0.6667,4
6,1992,28,0,0,0,0.8182,6
6,1996,28,0,0,0,0.4333,5
6,2000,30,0,0,0,0.5,5
6,2004,30,0,0,0,0.4667,5
6,2008,32,0,0,0,0.5455,6
6,2012,33,0,0,0,0.1714,6
6,2016,26,0,0,0,0.3077,7
6,2020,20,0,0,0,0.2,5
6,2024,25,0,0,0,0.3462,7
7,1976,10,0,0,0,1,2
7,1984,14,0,0,0,0.7037,3
7,1988,15,0,0,0,0.84,4
7,1992,13,0,0,0,0.7222,3
7,1996,13,0,0,0,0.4211,4
7,2000,3,0,0,0,0.5,2
7,2004,5,0,0,0,0.6,2
7,2008,5,0,0,0,0.8,2
7,2012,4,0,0,0,0.5,2
7,2016,8,0,0,0,0.7778,2
7,2020,6,0,0,0,0.5,4
7,2024,5,0,0,0,0.6,3
8,1908,30,18,0.6,1.25,1,5
8,1912,25,7,0.28,1.25,0.9474,4
10,1900,1,0,0,0,1,1
10,1908,1,0,0,0,1,1
10,1920,1,0,0,0,1,1
10,1924,77,10,0.1299,1,1,11
10,1928,81,26,0.321,1,1,12
10,1932,33,4,0.1212,1,1,7
10,1936,51,11,0.2157,1,0.9853,8
10,1948,199,11,0.0553,1,0.9322,16
10,1952,123,6,0.0488,1,0.8966,15
10,1956,35,2,0.0571,1,0.9773,9
10,1960,92,4,0.0435,1,0.9914,15
10,1964,102,1,0.0098,1,0.9257,14
10,1968,89,2,0.0225,1,0.9318,12
10,1972,92,1,0.0109,1,0.9187,12
10,1976,69,0,0,0,0.8302,12
10,1984,81,0,0,0,0.8522,14
10,1988,118,13,0.1102,1,0.7612,18
10,1992,84,2,0.0238,1,0.7387,17
10,1996,179,20,0.1117,1,0.6878,20
10,2000,142,19,0.1338,1.0333,0.6848,21
10,2004,151,48,0.3179,1.0111,0.6927,22
10,2008,131,50,0.3817,1.0111,0.6138,19
10,2012,137,19,0.1387,1,0.6959,23
10,2016,215,22,0.1023,1,0.6466,26
10,2020,189,43,0.2275,1,0.6779,31
10,2024,143,19,0.1329,1,0.7468,25
11,1996,32,2,0.0625,1,0.9474,11
11,2000,25,1,0.04,1,0.9231,10
11,2004,18,0,0,0,0.8947,8
11,2008,24,5,0.2083,1.1667,0.9231,7
11,2012,24,3,0.125,1,0.871,9
11,2016,31,4,0.129,1,0.7059,8
11,2020,17,4,0.2353,1,0.8421,8
11,2024,15,4,0.2667,1,0.8824,7
12,1988,8,0,0,0,0.4167,5
12,1992,5,0,0,0,0.8,3
12,1996,3,0,0,0,1,3
12,2000,5,0,0,0,0.6,3
12,2004,4,0,0,0,0.75,3
12,2008,2,0,0,0,1,2
12,2012,4,0,0,0,0.75,3
12,2016,7,0,0,0,0.4286,4
12,2020,3,0,0,0,0.75,2
12,2024,6,0,0,0,0.7143,4
13,1988,6,0,0,0,1,4
13,1992,3,0,0,0,1,2
13,1996,7,0,0,0,0.8571,5
13,2000,4,0,0,0,0.75,3
13,2004,3,0,0,0,0.6667,2
13,2008,4,0,0,0,0.5,3
13,2012,4,0,0,0,0.75,3
13,2016,4,0,0,0,0.75,3
13,2020,6,0,0,0,0.8333,4
13,2024,2,0,0,0,0.5,2
14,1896,1,1,1,1.5,1,1
14,1900,2,2,1,3,1,2
14,1904,2,1,0.5,4,1,2
14,1906,4,2,0.5,1.5,1,2
14,1920,13,6,0.4615,1.1,0.8966,4
14,1924,36,7,0.1944,1.2,0.9833,9
14,1928,18,3,0.1667,1.3333,0.7586,6
14,1932,13,5,0.3846,1,0.75,6
14,1936,32,1,0.0312,1,0.8462,7
14,1948,75,13,0.1733,1.1548,0.8252,11
14,1952,81,16,0.1975,1.4,0.8714,12
14,1956,298,53,0.1779,1.1333,0.8277,19
14,1960,189,33,0.1746,1.2446,0.8,17
14,1964,243,38,0.1564,1.0857,0.7679,19
14,1968,128,45,0.3516,1.1,0.7277,16
14,1972,168,14,0.0833,1.5,0.7256,20
14,1976,180,23,0.1278,1,0.7409,20
14,1980,120,10,0.0833,1.125,0.6895,17
14,1984,242,46,0.1901,1.0536,0.6736,22
14,1988,252,33,0.131,1.0918,0.6903,24
14,1992,278,53,0.1906,1.0754,0.5872,25
14,1996,417,123,0.295,1.0482,0.5582,26
14,2000,617,161,0.2609,1.0572,0.533,34
14,2004,470,134,0.2851,1.1604,0.5441,33
14,2008,432,124,0.287,1.087,0.5246,31
14,2012,405,99,0.2444,1.0799,0.5272,29
14,2016,420,71,0.169,1.0437,0.4923,31
14,2020,489,101,0.2065,1.1247,0.4639,41
14,2024,474,93,0.1962,1.0946,0.4376,43
15,1896,3,3,1,2,1,2
15,1900,16,4,0.25,1.5,1,4
15,1904,2,2,1,2,1,2
15,1906,31,6,0.1935,1.5833,1,8
15,1908,7,1,0.1429,1,1,4
15,1912,85,13,0.1529,1.0476,0.9242,12
15,1924,49,4,0.0816,1,0.9464,8
15,1928,73,5,0.0685,1,0.9469,13
15,1932,19,4,0.2105,1.3333,0.9091,7
15,1936,234,52,0.2222,1.0469,0.9311,19
15,1948,148,8,0.0541,1,0.8243,17
15,1952,112,3,0.0268,1,0.7059,16
15,1956,34,4,0.1176,1,0.9123,12
15,1960,103,3,0.0291,1,0.7273,15
15,1964,56,0,0,0,0.7439,14
15,1968,43,5,0.1163,1,0.8136,12
15,1972,111,3,0.027,1,0.8531,15
15,1976,60,1,0.0167,1,0.9178,15
15,1980,83,5,0.0602,1,0.7826,16
15,1984,102,3,0.0294,1,0.6846,18
15,1988,73,1,0.0137,1,0.9062,17
15,1992,102,6,0.0588,1,0.6929,17
15,1996,72,2,0.0278,1.5,0.7717,15
15,2000,92,4,0.0435,1,0.6053,17
15,2004,74,7,0.0946,1.2,0.7174,18
15,2008,70,3,0.0429,1,0.5914,16
15,2012,70,0,0,0,0.5778,19
15,2016,71,2,0.0282,1,0.5294,23
15,2020,76,7,0.0921,1,0.466,24
15,2024,84,6,0.0714,1,0.5537,26
16,1996,23,1,0.0435,1,0.8333,9
16,2000,31,3,0.0968,1,0.7812,8
16,2004,36,5,0.1389,1,0.8108,10
16,2008,44,7,0.1591,1,0.6818,10
16,2012,52,10,0.1923,1,0.7288,15
16,2016,56,18,0.3214,1,0.7681,15
16,2020,44,7,0.1591,1,0.6364,14
16,2024,48,7,0.1458,1,0.5918,15
17,1952,7,0,0,0,1,1
17,1956,4,2,0.5,1,1,2
17,1960,13,0,0,0,1,2
17,1964,11,2,0.1818,1,1,2
17,1968,16,0,0,0,1,3
17,1972,20,0,0,0,0.96,4
17,1976,11,0,0,0,0.8947,3
17,1984,22,0,0,0,0.7419,4
17,1988,16,0,0,0,0.7222,5
17,1992,14,1,0.0714,1,0.8333,4
17,1996,26,5,0.1923,1,0.6389,4
17,2000,25,10,0.4,1.1,0.6154,3
17,2004,22,2,0.0909,1,0.5714,3
17,2008,25,7,0.28,1,0.6667,4
17,2012,21,4,0.1905,1,0.5517,2
17,2016,29,6,0.2069,1,0.5526,3
17,2020,16,2,0.125,1,0.3182,2
17,2024,19,0,0,0,0.5714,2
18,1984,1,0,0,0,1,1
18,1988,6,0,0,0,1,2
18,1992,6,0,0,0,0.8889,3
18,1996,4,0,0,0,0.75,3
18,2000,5,0,0,0,0.3333,3
18,2004,4,0,0,0,0.75,3
18,2008,5,0,0,0,0.6,3
18,2012,5,0,0,0,0.8571,5
18,2016,6,0,0,0,0.5714,4
18,2020,6,0,0,0,0.625,4
18,2024,5,0,0,0,0.8,4
19,1968,9,0,0,0,1,5
19,1972,13,0,0,0,0.6,4
19,1976,11,0,0,0,0.8235,2
19,1984,16,0,0,0,0.88,6
19,1988,17,0,0,0,0.9231,7
19,1992,17,0,0,0,0.9091,5
19,1996,13,0,0,0,0.8636,7
19,2000,18,1,0.0556,1,0.6429,6
19,2004,10,0,0,0,0.9333,5
19,2008,8,0,0,0,0.8,3
19,2012,6,0,0,0,1,3
19,2016,11,0,0,0,0.6154,5
19,2020,8,0,0,0,0.5556,2
19,2024,4,0,0,0,0.5,3
20,1996,7,1,0.1429,1,0.8571,1
20,2000,6,0,0,0,0.8333,1
20,2004,7,0,0,0,0.7143,2
20,2008,3,0,0,0,0.3333,2
20,2012,6,0,0,0,0.3333,3
20,2016,9,1,0.1111,1,0.6,3
20,2020,6,0,0,0,0.4286,3
20,2024,7,0,0,0,0.5,3
21,1900,64,39,0.6094,1.1667,1,10
21,1906,16,10,0.625,1.04,1,6
21,1908,70,31,0.4429,1.0833,1,11
21,1912,36,18,0.5,1.0357,0.9861,9
21,1920,336,154,0.4583,1.1724,0.9653,23
21,1924,172,31,0.1802,1.1532,0.9573,17
21,1928,187,5,0.0267,1,0.9385,15
21,1932,36,1,0.0278,1,0.6377,2
21,1936,150,14,0.0933,1,0.9756,15
21,1948,151,14,0.0927,1.05,0.8736,17
21,1952,134,6,0.0448,1.25,0.9565,16
21,1956,57,2,0.0351,1,0.939,13
21,1960,100,4,0.04,1,0.8667,16
21,1964,61,3,0.0492,1,0.9324,13
21,1968,82,3,0.0366,1,0.8491,13
21,1972,88,2,0.0227,1,0.9245,14
21,1976,101,7,0.0693,1.25,0.6443,16
21,1980,59,1,0.0169,1,0.6429,10
21,1984,63,5,0.0794,1,0.7442,14
21,1988,59,2,0.0339,1,0.5882,16
21,1992,68,3,0.0441,1,0.6214,18
21,1996,61,6,0.0984,1,0.6543,14
21,2000,68,7,0.1029,1,0.4255,16
21,2004,50,3,0.06,1,0.6286,14
21,2008,94,5,0.0532,1,0.8036,16
21,2012,111,3,0.027,1,0.6549,16
21,2016,104,21,0.2019,1,0.6159,19
21,2020,130,27,0.2077,1,0.4757,25
21,2024,177,8,0.0452,1.1,0.5042,25
22,1972,3,0,0,0,1,2
22,1980,16,0,0,0,0.9412,2
22,1984,3,0,0,0,1,1
22,1988,7,0,0,0,0.8,2
22,1992,6,0,0,0,0.7143,2
22,1996,5,0,0,0,0.8571,1
22,2000,4,0,0,0,0.75,3
22,2004,4,0,0,0,0.5,2
22,2008,5,0,0,0,0.6,3
22,2012,5,0,0,0,0.8,4
22,2016,6,0,0,0,0.6667,4
22,2020,7,0,0,0,0.5714,4
22,2024,5,0,0,0,0.6,3
23,1936,5,0,0,0,1,1
23,1948,12,0,0,0,0.8214,3
23,1952,6,0,0,0,0.6667,3
23,1956,3,0,0,0,1,1
23,1960,9,0,0,0,1,1
23,1964,4,0,0,0,1,1
23,1968,6,0,0,0,1,2
23,1972,9,0,0,0,1,3
23,1976,16,1,0.0625,1,0.95,3
23,1984,12,0,0,0,0.9231,5
23,1988,12,0,0,0,0.9286,6
23,1992,20,0,0,0,0.6897,4
23,1996,9,0,0,0,0.8,4
23,2000,6,0,0,0,0.7143,4
23,2004,10,0,0,0,0.5,6
23,2008,6,0,0,0,0.3333,4
23,2012,8,0,0,0,0.625,5
23,2016,8,0,0,0,0.5,5
23,2020,2,1,0.5,1,0.5,2
23,2024,8,0,0,0,0.5,5
27,1984,6,0,0,0,0.5,1
27,1988,3,0,0,0,1,1
27,1992,6,0,0,0,0.5,1
27,1996,2,0,0,0,0.5,1
27,2000,2,0,0,0,0.5,1
27,2004,2,0,0,0,0.5,1
27,2008,2,0,0,0,0.5,1
27,2012,2,0,0,0,0,2
27,2016,2,0,0,0,0,2
27,2020,4,0,0,0,0.5,4
27,2024,3,0,0,0,0.6667,3
28,1992,10,0,0,0,0.5385,6
28,1996,9,0,0,0,0.8333,7
28,2000,9,0,0,0,0.8182,4
28,2004,9,0,0,0,0.8182,8
28,2008,5,0,0,0,0.8571,4
28,2012,6,0,0,0,0.75,4
28,2016,11,0,0,0,0.6364,5
28,2020,7,0,0,0,0.625,5
28,2024,5,0,0,0,0.3333,3
29,1968,7,0,0,0,1,4
29,1972,1,0,0,0,1,1
29,1976,4,0,0,0,1,2
29,1984,11,0,0,0,1,3
29,1988,10,0,0,0,1,2
29,1992,10,0,0,0,0.9444,2
29,1996,5,0,0,0,0.4,2
29,2000,2,0,0,0,0.5,1
29,2004,2,0,0,0,0.5,1
29,2008,4,0,0,0,0.75,2
29,2012,3,0,0,0,0.6667,2
29,2016,3,0,0,0,0.6667,2
29,2020,3,0,0,0,0.75,2
29,2024,1,0,0,0,1,1
30,1996,157,20,0.1274,1.6,0.5598,19
30,2000,139,21,0.1511,1.0417,0.5541,20
30,2004,151,15,0.0993,1,0.5469,22
30,2008,177,27,0.1525,1.0556,0.5949,24
30,2012,160,21,0.1312,1.25,0.5351,23
30,2016,120,12,0.1,1,0.4577,22
30,2020,103,10,0.0971,1,0.4088,20
32,1900,7,2,0.2857,1.5,0.7778,4
32,1906,13,2,0.1538,1.5,1,6
32,1908,19,5,0.2632,1.2,1,5
32,1912,43,0,0,0,1,8
33,1936,2,0,0,0,1,2
33,1964,1,0,0,0,1,1
33,1968,4,0,0,0,1,3
33,1972,11,0,0,0,1,3
33,1976,4,0,0,0,1,4
33,1984,11,0,0,0,0.9231,6
33,1988,7,0,0,0,0.6667,6
33,1992,13,0,0,0,0.5714,6
33,1996,8,0,0,0,0.7778,5
33,2000,5,0,0,0,0.6,3
33,2004,7,0,0,0,0.3636,5
33,2008,7,0,0,0,0.5714,5
33,2012,5,0,0,0,0.6,3
33,2016,12,0,0,0,0.5,5
33,2020,5,0,0,0,0.6,3
33,2024,4,0,0,0,0.5,2
34,1980,7,0,0,0,1,1
34,1984,7,0,0,0,1,2
34,1988,8,0,0,0,1,2
34,1992,6,0,0,0,1,2
34,1996,7,0,0,0,1,2
34,2000,7,0,0,0,1,2
34,2004,11,0,0,0,0.9167,2
34,2008,11,0,0,0,0.8182,3
34,2012,4,1,0.25,1,0.75,2
34,2016,12,0,0,0,0.7857,3
34,2020,14,6,0.4286,1,0.6875,4
34,2024,14,6,0.4286,1.1667,0.8947,2
35,1900,1,0,0,0,1,1
35,1920,19,5,0.2632,1.4,1,4
35,1924,12,0,0,0,1,4
35,1932,59,0,0,0,0.9552,5
35,1936,73,0,0,0,0.9149,9
35,1948,70,10,0.1429,1,0.7905,11
35,1952,97,3,0.0309,1,0.9328,14
35,1956,47,1,0.0213,1,0.9841,12
35,1960,72,13,0.1806,1,0.9884,14
35,1964,61,12,0.1967,1,0.9846,11
35,1968,75,4,0.0533,1,0.9551,13
35,1972,80,2,0.025,1,0.9327,13
35,1976,79,3,0.038,1,0.8876,12
35,1980,106,9,0.0849,1,0.8725,14
35,1984,147,36,0.2449,1,0.8477,17
35,1988,157,23,0.1465,1,0.7768,21
35,1992,181,14,0.0773,1,0.7425,23
35,1996,220,61,0.2773,1.0657,0.7251,18
35,2000,196,48,0.2449,1,0.5636,24
35,2004,241,40,0.166,1,0.4969,26
35,2008,265,77,0.2906,1.125,0.5089,28
35,2012,246,58,0.2358,1,0.5294,27
35,2016,458,48,0.1048,1.0833,0.5557,34
35,2020,319,54,0.1693,1.0769,0.5721,33
35,2024,289,61,0.2111,1.0818,0.4514,38
37,1984,10,0,0,0,1,4
37,1988,7,0,0,0,1,3
37,1992,10,0,0,0,1,2
37,1996,5,0,0,0,1,2
37,2000,4,0,0,0,0.5,2
37,2004,10,0,0,0,0.7,4
37,2008,14,0,0,0,0.8,3
37,2012,12,1,0.0833,1,0.2857,3
37,2016,33,2,0.0606,1,0.6061,4
37,2020,32,1,0.0312,1,0.7879,5
37,2024,14,4,0.2857,1,0.4667,5
38,1996,1,0,0,0,1,1
38,2000,2,0,0,0,1,2
38,2004,1,0,0,0,1,1
38,2012,3,0,0,0,0.6667,2
38,2016,3,0,0,0,0.6667,2
38,2020,2,0,0,0,1,2
38,2024,3,0,0,0,0.6667,2
39,1924,24,0,0,0,1,4
39,1928,5,0,0,0,1,2
39,1932,2,0,0,0,1,1
39,1936,26,0,0,0,1,7
39,1952,63,1,0.0159,1,0.676,8
39,1956,46,18,0.3913,1,0.8171,7
39,1960,97,7,0.0722,1,0.7814,12
39,1964,63,10,0.1587,1,0.8707,9
39,1968,112,26,0.2321,1,0.7989,13
39,1972,129,22,0.1705,1,0.7389,15
39,1976,155,39,0.2516,1,0.6535,14
39,1980,270,87,0.3222,1.0938,0.6574,20
39,1988,172,37,0.2151,1.0909,0.5658,16
39,1992,136,16,0.1176,1.0556,0.6186,19
39,1996,108,21,0.1944,1,0.7072,17
39,2000,91,11,0.1209,1.2857,0.6867,16
39,2004,95,15,0.1579,1.25,0.563,19
39,2008,70,5,0.0714,1,0.5977,15
39,2012,63,2,0.0317,1,0.52,17
39,2016,50,7,0.14,1,0.569,14
39,2020,42,10,0.2381,1,0.4286,13
39,2024,46,7,0.1522,1,0.4918,16
40,1972,1,0,0,0,1,1
40,1988,6,0,0,0,0.7778,2
40,1992,4,0,0,0,1,2
40,1996,5,0,0,0,0.6,2
40,2000,4,0,0,0,0.75,3
40,2004,5,0,0,0,0.6,3
40,2008,6,0,0,0,0.5,4
40,2012,5,0,0,0,0.4,3
40,2016,5,0,0,0,0.6,3
40,2020,7,1,0.1429,1,0.625,5
40,2024,8,0,0,0,0.625,5
43,1968,1,0,0,0,1,1
43,1984,3,0,0,0,1,2
43,1988,15,0,0,0,1,3
43,1992,15,0,0,0,0.8571,3
43,1996,5,0,0,0,0.6,1
43,2000,3,0,0,0,0.3333,2
43,2004,4,0,0,0,0.5,3
43,2008,3,0,0,0,0.6667,2
43,2012,6,0,0,0,0.5,4
43,2016,6,0,0,0,0.5,4
43,2020,2,0,0,0,0.5,2
43,2024,4,0,0,0,0.5,3
44,1956,2,0,0,0,1,1
44,1964,13,0,0,0,1,3
44,1972,9,0,0,0,0.8824,3
44,1996,5,0,0,0,0.6,3
44,2000,4,0,0,0,0.5,2
44,2004,4,0,0,0,0.5,2
44,2008,4,0,0,0,0.5,2
44,2012,6,0,0,0,0.5,4
44,2016,6,0,0,0,0.3333,4
44,2020,3,0,0,0,0.6667,2
44,2024,3,0,0,0,0.6667,2
45,1900,4,1,0.25,2,1,1
45,1904,55,48,0.8727,1,1,6
45,1906,3,2,0.6667,1,1,1
45,1908,87,45,0.5172,1.1217,1,10
45,1912,37,7,0.1892,1.3333,1,7
45,1920,52,15,0.2885,1.25,1,9
45,1924,65,20,0.3077,1,1,8
45,1928,69,29,0.4203,1.08,0.8938,8
45,1932,102,34,0.3333,1.0833,0.8639,10
45,1936,97,20,0.2062,1.1667,0.8383,12
45,1948,127,7,0.0551,1,0.8298,13
45,1952,107,4,0.0374,1,0.8312,13
45,1956,96,19,0.1979,1,0.7733,15
45,1960,85,9,0.1059,1,0.7714,14
45,1964,115,5,0.0435,1,0.7732,16
45,1968,139,8,0.0576,1.2,0.7285,14
45,1972,207,10,0.0483,1.0714,0.686,18
45,1976,385,19,0.0494,1.0625,0.6215,23
45,1984,408,74,0.1814,1.1049,0.6101,23
45,1988,328,22,0.0671,1.0833,0.6402,23
45,1992,295,37,0.1254,1.0573,0.564,24
45,1996,303,45,0.1485,1.1055,0.5049,25
45,2000,294,30,0.102,1.0455,0.4692,29
45,2004,262,16,0.0611,1.0625,0.5115,28
45,2008,332,34,0.1024,1.025,0.5813,30
45,2012,272,55,0.2022,1,0.4124,28
45,2016,309,62,0.2006,1.1114,0.3728,31
45,2020,386,74,0.1917,1.1843,0.3811,40
45,2024,332,52,0.1566,1.1,0.4331,40
46,1976,2,0,0,0,1,1
46,1984,8,0,0,0,0.9286,2
46,1988,8,0,0,0,0.9167,2
46,1992,10,0,0,0,1,3
46,1996,9,0,0,0,0.8889,3
46,2000,3,0,0,0,0.25,2
46,2004,5,0,0,0,0.625,2
46,2008,4,0,0,0,0.8333,2
46,2012,4,0,0,0,1,2
46,2016,5,0,0,0,0.6,3
46,2020,5,0,0,0,0.2222,3
46,2024,4,0,0,0,0.6,3
48,1964,2,0,0,0,1,1
48,1972,6,0,0,0,1,1
48,1980,23,0,0,0,0.44,3
48,1984,9,0,0,0,0.8462,2
48,1988,7,0,0,0,0.7,1
48,1992,7,0,0,0,0.9,2
48,1996,5,0,0,0,0.6,3
48,2000,5,0,0,0,0.6,3
48,2004,5,0,0,0,0.4,4
48,2008,5,0,0,0,0.6,3
48,2012,7,0,0,0,0.5714,3
48,2016,10,0,0,0,0.7,5
48,2020,3,0,0,0,0.3333,2
48,2024,4,0,0,0,0.5,3
49,1964,2,0,0,0,1,1
49,1968,3,0,0,0,1,1
49,1972,4,0,0,0,1,2
49,1984,3,0,0,0,1,1
49,1988,6,0,0,0,1,1
49,1992,6,0,0,0,0.7143,2
49,1996,4,0,0,0,0.75,1
49,2000,2,0,0,0,0.3333,1
49,2004,1,0,0,0,0,1
49,2008,2,0,0,0,0.5,1
49,2012,2,0,0,0,0,2
49,2016,2,0,0,0,0.5,1
49,2020,3,0,0,0,0.3333,3
49,2024,3,0,0,0,0.6667,3
51,1912,14,0,0,0,1,4
51,1920,2,0,0,0,1,1
51,1924,13,0,0,0,1,5
51,1928,38,1,0.0263,1,1,6
51,1936,40,0,0,0,0.9821,8
51,1948,54,0,0,0,0.8889,9
51,1952,59,3,0.0508,1.3333,0.939,9
51,1956,33,4,0.1212,1,0.9535,8
51,1960,9,0,0,0,0.8889,3
51,1964,14,0,0,0,1,6
51,1968,21,0,0,0,0.92,4
51,1972,11,0,0,0,0.8462,5
51,1976,7,0,0,0,1,4
51,1984,52,0,0,0,0.9375,8
51,1988,17,1,0.0588,1,0.9565,6
51,1992,12,0,0,0,0.8,7
51,1996,21,0,0,0,0.75,10
51,2000,50,17,0.34,1,0.8621,14
51,2004,22,2,0.0909,2,0.7241,11
51,2008,26,1,0.0385,1,0.7586,14
51,2012,35,0,0,0,0.5909,17
51,2016,42,0,0,0,0.5532,16
51,2020,57,0,0,0,0.3175,25
51,2024,48,2,0.0417,1,0.6154,22
53,1932,1,0,0,0,1,1
53,1936,54,0,0,0,0.9538,7
53,1948,31,0,0,0,0.9697,6
53,1952,1,0,0,0,1,1
53,1984,215,64,0.2977,1.095,0.6192,19
53,1988,271,44,0.1624,1.2173,0.5457,25
53,1992,243,68,0.2798,1.1401,0.4797,23
53,1996,289,94,0.3253,1.1167,0.4087,25
53,2000,266,62,0.2331,1.1514,0.3841,28
53,2004,372,87,0.2339,1.0384,0.388,31
53,2008,583,157,0.2693,1.117,0.5151,34
53,2012,365,102,0.2795,1.1722,0.4426,29
53,2016,390,100,0.2564,1.1014,0.4088,32
53,2020,417,115,0.2758,1.1595,0.3589,41
53,2024,396,130,0.3283,1.1525,0.3884,42
54,1964,9,0,0,0,1,2
54,1968,10,0,0,0,1,2
54,1972,11,0,0,0,1,2
54,1976,8,0,0,0,0.8182,1
54,1984,15,1,0.0667,1,0.9444,4
54,1988,28,0,0,0,0.4138,5
54,1992,13,0,0,0,0.5556,3
54,1996,11,0,0,0,0.9231,4
54,2000,14,0,0,0,0.5,5
54,2004,5,0,0,0,0.4,3
54,2008,21,0,0,0,0.9091,5
54,2012,9,0,0,0,0.4,6
54,2016,12,2,0.1667,1,0.4,6
54,2020,31,1,0.0323,1,0.7812,6
54,2024,13,1,0.0769,1,0.2222,4
55,1964,1,0,0,0,1,1
55,1968,5,1,0.2,1,1,2
55,1972,11,0,0,0,1,3
55,1976,4,0,0,0,1,1
55,1980,25,0,0,0,0.8621,5
55,1984,46,1,0.0217,1,0.8929,6
55,1988,15,0,0,0,0.8095,4
55,1992,8,0,0,0,0.3333,2
55,1996,15,0,0,0,0.6842,5
55,2000,34,18,0.5294,1,0.7179,4
55,2004,17,1,0.0588,1,0.5263,5
55,2008,32,1,0.0312,1,0.7812,9
55,2012,32,0,0,0,0.3125,9
55,2016,22,0,0,0,0.2273,6
55,2020,12,0,0,0,0.4167,7
55,2024,6,0,0,0,0.3333,4
56,1968,5,0,0,0,1,1
56,1984,8,0,0,0,0.8889,2
56,1988,15,0,0,0,0.8571,3
56,1992,17,0,0,0,0.8947,4
56,1996,14,0,0,0,0.1429,2
56,2000,2,0,0,0,0.3333,1
56,2004,4,0,0,0,0.8333,2
56,2008,5,0,0,0,0.8,4
56,2012,4,0,0,0,0.75,3
56,2016,4,0,0,0,0.5,3
56,2020,7,0,0,0,0.4286,4
56,2024,6,0,0,0,0.5,4
57,1988,7,0,0,0,0.75,3
57,1992,2,0,0,0,1,2
57,1996,3,0,0,0,0.6667,3
57,2000,2,0,0,0,0.5,2
57,2004,3,0,0,0,0.6667,2
57,2008,4,0,0,0,0.75,3
57,2012,8,0,0,0,0.4444,5
57,2016,9,0,0,0,0.4444,5
57,2020,6,0,0,0,0.5556,4
57,2024,2,0,0,0,0.5,2
58,1900,1,1,1,1,1,1
58,1932,2,0,0,0,1,2
58,1936,5,0,0,0,1,1
58,1948,6,0,0,0,1,3
58,1956,26,0,0,0,1,6
58,1960,16,0,0,0,1,5
58,1964,20,0,0,0,1,6
58,1968,43,0,0,0,0.8,5
58,1972,59,3,0.0508,1,0.84,8
58,1976,35,0,0,0,0.8636,7
58,1980,23,0,0,0,1,3
58,1984,39,1,0.0256,1,0.9375,8
58,1988,40,1,0.025,1,0.7368,10
58,1992,49,1,0.0204,1,0.9508,11
58,1996,48,0,0,0,0.7581,9
58,2000,44,1,0.0227,1,0.5556,13
58,2004,53,2,0.0377,1,0.6056,15
58,2008,67,2,0.0299,1,0.6333,16
58,2012,101,8,0.0792,1,0.4667,19
58,2016,143,8,0.0559,1,0.5159,21
58,2020,69,5,0.0725,1,0.6883,20
58,2024,88,4,0.0455,1,0.4286,24
59,1996,4,0,0,0,0.75,1
59,2000,2,0,0,0,0.5,1
59,2004,3,0,0,0,0.6667,2
59,2008,3,0,0,0,0.6667,2
59,2012,3,0,0,0,0.3333,2
59,2016,4,0,0,0,0.5,2
59,2020,3,0,0,0,0.6667,2
59,2024,4,0,0,0,0.8,3
60,1996,3,0,0,0,0.6667,1
60,2000,2,0,0,0,0.5,1
60,2004,3,0,0,0,0.6667,3
60,2008,2,0,0,0,0.5,2
60,2012,3,0,0,0,0.3333,2
60,2016,5,0,0,0,0.4,4
60,2020,6,0,0,0,0.5,5
60,2024,7,1,0.1429,1,0.5714,5
61,1936,1,0,0,0,1,1
61,1964,2,0,0,0,1,1
61,1968,18,0,0,0,0.8889,6
61,1972,3,0,0,0,1,3
61,1976,5,0,0,0,0.5,4
61,1980,29,0,0,0,0.8919,5
61,1984,28,0,0,0,0.9688,5
61,1988,16,1,0.0625,1,0.3939,6
61,1992,16,0,0,0,0.6,6
61,1996,11,1,0.0909,1,0.4615,6
61,2000,7,1,0.1429,2,0.6667,5
61,2004,20,0,0,0,0.8095,6
61,2008,8,0,0,0,0.75,4
61,2012,11,0,0,0,0.7273,6
61,2016,11,0,0,0,0.5833,6
61,2020,14,0,0,0,0.3333,8
61,2024,6,0,0,0,0.5,5
63,1992,39,14,0.359,1.25,0.8696,11
63,1996,84,28,0.3333,1,0.8632,14
63,2000,88,10,0.1136,1,0.7037,12
63,2004,81,21,0.2593,1,0.76,14
63,2008,99,5,0.0505,1,0.76,15
63,2012,107,35,0.3271,1,0.5847,17
63,2016,85,24,0.2824,1,0.7419,18
63,2020,60,11,0.1833,1,0.6622,17
63,2024,73,20,0.274,1,0.8,16
64,1906,8,0,0,0,1,1
65,1900,1,1,1,2,1,1
65,1904,3,2,0.6667,2.5,1,2
65,1924,9,0,0,0,1,2
65,1928,1,0,0,0,1,1
65,1932,3,0,0,0,1,1
65,1948,53,2,0.0377,1,1,12
65,1952,29,0,0,0,1,8
65,1956,16,0,0,0,0.9583,5
65,1960,12,0,0,0,0.4762,8
65,1964,27,1,0.037,1,0.9605,6
65,1968,115,10,0.087,1,0.7797,13
65,1972,137,21,0.1533,1.0833,0.8259,14
65,1976,156,23,0.1474,1.125,0.8454,14
65,1980,203,20,0.0985,1,0.875,19
65,1992,176,68,0.3864,1.025,0.7092,16
65,1996,164,55,0.3354,1,0.6629,15
65,2000,229,65,0.2838,1,0.6605,24
65,2004,151,62,0.4106,1,0.6554,18
65,2008,158,47,0.2975,1,0.6433,18
65,2012,109,14,0.1284,1,0.5932,14
65,2016,117,11,0.094,1,0.6993,19
65,2020,69,16,0.2319,1,0.4756,15
65,2024,61,9,0.1475,1,0.4928,16
66,1980,14,0,0,0,0.8667,3
66,1984,10,0,0,0,1,4
66,1988,9,0,0,0,0.7273,4
66,1992,17,0,0,0,0.7895,8
66,1996,17,0,0,0,0.8333,5
66,2000,22,0,0,0,0.7917,4
66,2004,20,0,0,0,0.6667,7
66,2008,17,0,0,0,0.3889,6
66,2012,13,1,0.0769,1,0.6923,7
66,2016,15,0,0,0,0.6667,6
66,2020,15,0,0,0,0.6957,6
66,2024,15,1,0.0667,1,0.5652,9
67,1996,115,11,0.0957,1.175,0.5976,17
67,2000,119,9,0.0756,1,0.6852,20
67,2004,142,13,0.0915,1,0.5556,20
67,2008,134,6,0.0448,1.125,0.5506,21
67,2012,133,14,0.1053,1,0.5094,21
67,2016,104,14,0.1346,1.0333,0.5852,20
67,2020,115,13,0.113,1,0.6225,26
67,2024,111,9,0.0811,1,0.5302,27
68,1896,3,2,0.6667,1.5,1,3
68,1900,13,7,0.5385,1.25,1,5
68,1906,49,33,0.6735,1.1111,1,8
68,1908,78,17,0.2179,1,1,8
68,1912,147,81,0.551,1.0443,0.9914,13
68,1920,151,67,0.4437,1.0604,0.9715,14
68,1924,89,14,0.1573,1,0.8797,13
68,1928,91,13,0.1429,1.1,0.9016,14
68,1932,43,11,0.2558,1,0.766,9
68,1936,121,6,0.0496,1,0.8786,14
68,1948,160,48,0.3,1.05,0.8854,17
68,1952,128,9,0.0703,1,0.9005,15
68,1956,37,6,0.1622,1,0.8431,11
68,1960,99,22,0.2222,1.0833,0.8807,15
68,1964,60,12,0.2,1,0.8592,10
68,1968,62,16,0.2581,1.0357,0.8925,11
68,1972,126,1,0.0079,1,0.8839,17
68,1976,66,8,0.1212,1,0.8395,15
68,1980,58,8,0.1379,1,0.9333,13
68,1984,60,12,0.2,1.25,0.8243,11
68,1988,78,7,0.0897,1,0.6923,15
68,1992,109,14,0.1284,1,0.625,14
68,1996,119,23,0.1933,1,0.4483,14
68,2000,97,25,0.2577,1,0.5484,16
68,2004,92,29,0.3152,1,0.513,16
68,2008,84,19,0.2262,1,0.7037,16
68,2012,113,16,0.1416,1,0.5101,17
68,2016,117,38,0.3248,1.0463,0.5734,16
68,2020,108,30,0.2778,1.1562,0.4783,19
68,2024,128,40,0.3125,1.0042,0.4286,24
70,1984,3,0,0,0,1,1
70,1988,6,1,0.1667,1,1,2
70,1992,8,0,0,0,1,3
70,1996,5,0,0,0,1,2
70,2000,2,0,0,0,0.5,1
70,2008,2,0,0,0,0.5,1
70,2012,4,0,0,0,0.5,3
70,2016,7,0,0,0,0.875,3
70,2020,4,0,0,0,0.8,3
70,2024,7,0,0,0,0.7143,3
71,1996,6,0,0,0,0.6667,2
71,2000,4,0,0,0,0.5,2
71,2004,2,0,0,0,0.5,1
71,2008,2,0,0,0,1,1
71,2012,2,0,0,0,0.5,1
71,2016,2,0,0,0,0.5,1
71,2020,2,0,0,0,0.5,1
71,2024,4,1,0.25,1,0.5,2
73,1964,1,0,0,0,1,1
73,1968,18,0,0,0,1,5
73,1972,5,0,0,0,1,3
73,1976,10,0,0,0,0.8182,3
73,1980,6,0,0,0,0.8571,4
73,1984,19,1,0.0526,1,0.7083,7
73,1988,16,0,0,0,0.9444,5
73,1992,32,0,0,0,0.9375,5
73,1996,16,0,0,0,0.75,7
73,2000,12,0,0,0,0.8462,5
73,2004,33,1,0.0303,1,0.5152,9
73,2008,24,2,0.0833,1,0.7037,9
73,2012,33,2,0.0606,1,0.4167,10
73,2016,26,1,0.0385,1,0.7333,11
73,2020,66,31,0.4697,1.0667,0.6232,11
73,2024,59,3,0.0508,1,0.6094,13
75,1924,3,0,0,0,1,1
75,1968,15,0,0,0,0.9512,6
75,1972,2,0,0,0,1,2
75,1976,5,0,0,0,1,4
75,1980,12,0,0,0,0.9375,5
75,1984,11,0,0,0,0.9333,6
75,1988,13,0,0,0,0.7333,6
75,1992,13,0,0,0,0.4667,6
75,1996,19,1,0.0526,1,0.9286,7
75,2000,10,0,0,0,0.7273,5
75,2004,16,0,0,0,0.6667,7
75,2008,25,1,0.04,1,0.6923,9
75,2012,36,0,0,0,0.6389,11
75,2016,37,0,0,0,0.6,12
75,2020,47,3,0.0638,1,0.3462,17
75,2024,40,5,0.125,1.1667,0.383,14
76,1906,2,0,0,0,1,2
76,1920,18,0,0,0,1,6
76,1924,24,0,0,0,1,9
76,1928,32,3,0.0938,1.3333,1,5
76,1936,53,5,0.0943,1,1,10
76,1948,85,5,0.0588,1,1,12
76,1952,106,1,0.0094,1,1,14
76,1956,3,0,0,0,1,1
76,1964,72,0,0,0,1,9
76,1968,30,0,0,0,1,7
76,1972,23,0,0,0,1,5
76,1976,26,0,0,0,1,4
76,1984,113,1,0.0088,1,0.9257,15
76,1988,48,0,0,0,0.9831,12
76,1992,74,0,0,0,0.9277,13
76,1996,29,0,0,0,0.8788,8
76,2000,88,0,0,0,0.8252,20
76,2004,96,5,0.0521,1,0.8462,17
76,2008,100,1,0.01,1,0.7069,19
76,2012,109,2,0.0183,1,0.6591,21
76,2016,118,3,0.0254,1,0.6642,23
76,2020,140,6,0.0429,1,0.6205,27
76,2024,155,3,0.0194,1,0.6087,26
77,2020,29,0,0,0,0.6286,12
77,2024,37,1,0.027,1,0.6364,13
78,2000,3,0,0,0,0.6667,1
78,2004,4,1,0.25,1,0.8,1
78,2008,10,0,0,0,0.8182,1
78,2012,12,0,0,0,0.9167,2
78,2016,12,0,0,0,0.9167,2
78,2020,13,0,0,0,0.6429,3
78,2024,11,0,0,0,0.75,3
79,1932,1,0,0,0,1,1
79,1968,60,0,0,0,0.75,7
79,1972,11,0,0,0,1,2
79,1984,10,0,0,0,0.8667,5
79,1988,6,0,0,0,0.8571,4
79,1992,4,0,0,0,0.5,3
79,1996,8,0,0,0,0.7,5
79,2000,8,0,0,0,0.5,7
79,2004,7,0,0,0,0.2222,6
79,2008,11,0,0,0,0.2857,9
79,2012,10,0,0,0,0.4545,7
79,2016,8,0,0,0,0.7,6
79,2020,5,0,0,0,0.5714,4
79,2024,8,0,0,0,0.8889,7
80,1900,9,2,0.2222,1,1,4
80,1920,58,23,0.3966,1,1,7
80,1924,95,0,0,0,0.9603,15
80,1928,80,3,0.0375,1,1,9
80,1932,7,1,0.1429,1,1,3
80,1948,65,3,0.0462,1,1,11
80,1952,27,1,0.037,1,1,7
80,1956,6,0,0,0,1,1
80,1960,143,14,0.0979,1,0.8277,16
80,1964,50,0,0,0,0.9254,8
80,1968,122,0,0,0,0.9781,12
80,1972,122,1,0.0082,1,0.9444,17
80,1976,113,6,0.0531,1,0.8375,14
80,1980,155,23,0.1484,1.0667,0.8863,18
80,1984,179,19,0.1061,1,0.8093,23
80,1988,226,5,0.0221,1,0.795,24
80,1992,412,68,0.165,1.0278,0.6704,29
80,1996,284,65,0.2289,1.0333,0.6146,22
80,2000,316,42,0.1329,1,0.6566,27
80,2004,313,27,0.0863,1.1548,0.565,27
80,2008,282,66,0.234,1.0833,0.5887,29
80,2012,278,60,0.2158,1.125,0.5988,27
80,2016,306,43,0.1405,1.125,0.5262,28
80,2020,334,70,0.2096,1,0.5664,36
80,2024,400,81,0.2025,1.0556,0.5304,39
81,1920,14,3,0.2143,1,1,3
81,1924,37,6,0.1622,1,1,5
81,1928,20,9,0.45,1,1,5
81,1932,2,0,0,0,1,2
81,1936,33,5,0.1515,1.2222,1,8
81,1992,37,3,0.0811,1,0.8696,13
81,1996,43,0,0,0,0.7692,13
81,2000,33,3,0.0909,1,0.9268,11
81,2004,42,3,0.0714,1,0.7333,10
81,2008,47,3,0.0638,1,0.6792,13
81,2012,32,2,0.0625,1,0.6944,11
81,2016,46,4,0.087,1,0.5714,13
81,2020,33,4,0.1212,1.25,0.5714,15
81,2024,24,0,0,0,0.6538,14
82,1956,12,0,0,0,1,2
82,1960,10,1,0.1,1,1,2
82,1964,12,1,0.0833,1,1,3
82,1968,18,1,0.0556,2,1,3
82,1972,31,2,0.0645,1,1,3
82,1980,41,3,0.0732,1.3333,0.9583,3
82,1992,20,3,0.15,1,0.75,2
82,1996,18,3,0.1667,1,0.5263,2
82,2000,26,7,0.2692,1.1429,0.5556,2
82,2004,26,6,0.2308,1.1667,0.5556,2
82,2008,27,5,0.1852,1.4,0.5172,1
82,2012,33,6,0.1818,1.1667,0.5294,2
82,2016,37,7,0.1892,1.1429,0.4474,3
82,2020,37,4,0.1081,1,0.4737,4
82,2024,33,4,0.1212,1,0.4571,2
83,1992,474,186,0.3924,1.146,0.6231,27
84,1956,5,0,0,0,1,3
84,1960,2,0,0,0,1,1
84,1968,1,0,0,0,1,1
84,1972,2,0,0,0,1,1
84,1976,2,0,0,0,0.6,1
84,1984,14,0,0,0,0.6923,5
84,1988,23,0,0,0,0.6341,5
84,1992,18,0,0,0,0.75,4
84,1996,17,0,0,0,0.8571,5
84,2000,7,0,0,0,0.5556,5
84,2004,8,0,0,0,0.5556,6
84,2008,6,0,0,0,0.6667,5
84,2012,9,0,0,0,0.6667,6
84,2016,53,13,0.2453,1,0.6792,10
84,2020,32,26,0.8125,1,0.5,6
84,2024,36,14,0.3889,1,0.5278,7
85,1906,4,2,0.5,2,1,2
85,1908,62,30,0.4839,1,1,6
85,1912,164,63,0.3841,1.1577,0.9914,10
85,1920,63,39,0.619,1.4375,0.9926,9
85,1924,121,40,0.3306,1.2076,1,12
85,1928,69,22,0.3188,1.0682,0.9848,11
85,1932,40,23,0.575,1.2556,1,5
85,1936,108,25,0.2315,1.0472,0.9462,14
85,1948,129,22,0.1705,1.2986,0.9674,16
85,1952,258,37,0.1434,1.0667,0.7864,18
85,1956,71,24,0.338,1.0952,0.9932,15
85,1960,117,6,0.0513,1,0.8174,14
85,1964,89,5,0.0562,1,0.9139,13
85,1968,66,4,0.0606,1,0.9048,13
85,1972,96,9,0.0938,1.0667,0.8647,15
85,1976,83,5,0.0602,1.1111,0.8981,14
85,1980,105,8,0.0762,1.2,0.952,16
85,1984,86,12,0.1395,1,0.8411,15
85,1988,78,4,0.0513,1,0.7228,15
85,1992,87,7,0.0805,1,0.6923,16
85,1996,76,4,0.0526,1,0.5714,15
85,2000,70,5,0.0714,1,0.5795,16
85,2004,53,2,0.0377,1,0.6567,12
85,2008,57,5,0.0877,1,0.5429,14
85,2012,56,5,0.0893,1,0.4638,14
85,2016,54,1,0.0185,1,0.5075,17
85,2020,45,2,0.0444,1,0.4898,11
85,2024,57,0,0,0,0.4032,14
87,1896,12,7,0.5833,1.6667,1,4
87,1900,715,183,0.2559,1.1677,0.9851,19
87,1904,1,1,1,2,1,1
87,1906,56,35,0.625,1.6726,0.9885,11
87,1908,208,35,0.1683,1.1161,1,13
87,1912,119,20,0.1681,1.3,0.9914,13
87,1920,304,106,0.3487,1.3255,0.9668,23
87,1924,401,94,0.2344,1.1225,0.9214,20
87,1928,255,46,0.1804,1.053,0.872,17
87,1932,103,34,0.3301,1.111,0.9308,13
87,1936,201,36,0.1791,1.1085,0.9571,18
87,1948,316,63,0.1994,1.1432,0.8845,20
87,1952,245,37,0.151,1.1426,0.7794,18
87,1956,145,30,0.2069,1.0476,0.8414,16
87,1960,238,12,0.0504,1,0.8017,19
87,1964,138,28,0.2029,1.0644,0.8131,14
87,1968,200,22,0.11,1.3143,0.7363,16
87,1972,227,21,0.0925,1.0238,0.7921,18
87,1976,206,19,0.0922,1.0143,0.8245,18
87,1980,121,25,0.2066,1.1067,0.84,13
87,1984,238,63,0.2647,1.0229,0.7853,21
87,1988,266,27,0.1015,1.0407,0.7046,23
87,1992,339,56,0.1652,1.0104,0.6605,25
87,1996,299,45,0.1505,1.1951,0.6247,25
87,2000,336,61,0.1815,1.0425,0.6298,28
87,2004,308,48,0.1558,1.0655,0.6204,27
87,2008,309,70,0.2265,1.0644,0.5938,25
87,2012,324,74,0.2284,1.05,0.5704,28
87,2016,392,93,0.2372,1.0262,0.5762,32
87,2020,396,134,0.3384,1.0361,0.5409,41
87,2024,601,171,0.2845,1.0651,0.4969,46
88,1968,275,48,0.1745,1.0433,0.7731,17
88,1972,424,92,0.217,1.0552,0.7479,23
88,1976,290,67,0.231,1.1025,0.7367,20
88,1984,389,146,0.3753,1.0706,0.655,25
88,1988,347,106,0.3055,1.1198,0.686,24
89,2000,5,0,0,0,0.6,3
89,2004,5,0,0,0,0.6,3
89,2008,5,0,0,0,0.6,3
89,2012,6,0,0,0,0.6667,4
89,2016,5,0,0,0,0.4,3
89,2020,3,0,0,0,0.6667,2
89,2024,3,0,0,0,0.6667,2
90,1972,1,0,0,0,1,1
90,1984,4,0,0,0,0.5,2
90,1988,2,0,0,0,0.5,2
90,1992,5,0,0,0,0.8,3
90,1996,7,0,0,0,0.8889,3
90,2000,5,0,0,0,0.6667,3
90,2004,5,0,0,0,0.6,3
90,2008,4,0,0,0,0.5,3
90,2012,21,1,0.0476,1,0.9048,5
90,2016,6,0,0,0,0.6667,4
90,2020,5,0,0,0,0.6,4
90,2024,5,0,0,0,0.4,4
91,1984,10,0,0,0,0.625,1
91,1988,6,0,0,0,0.8333,2
91,1992,5,0,0,0,1,1
91,1996,9,0,0,0,0.9167,1
91,2000,2,0,0,0,0.5,1
91,2004,2,0,0,0,0.6667,1
91,2008,3,0,0,0,0.6667,2
91,2012,2,0,0,0,0.5,1
91,2016,4,0,0,0,0.75,3
91,2020,4,0,0,0,0.6,3
91,2024,7,0,0,0,0.5,4
92,1896,10,7,0.7,1.375,1,4
92,1900,104,85,0.8173,1.3157,0.9863,16
92,1904,6,2,0.3333,1,1,3
92,1906,48,29,0.6042,1.45,1,8
92,1908,732,334,0.4563,1.132,0.9568,24
92,1912,273,152,0.5568,1.1185,0.9631,16
92,1920,234,98,0.4188,1.0988,0.9101,21
92,1924,267,58,0.2172,1.0698,0.9089,18
92,1928,231,52,0.2251,1.1479,0.8927,14
92,1932,107,32,0.2991,1.0753,0.8471,10
92,1936,208,35,0.1683,1.0139,0.828,17
92,1948,406,59,0.1453,1.02,0.8271,20
92,1952,256,31,0.1211,1,0.7481,18
92,1956,197,43,0.2183,1.0536,0.8304,18
92,1960,253,24,0.0949,1.127,0.7506,17
92,1964,204,24,0.1176,1.0408,0.7575,17
92,1968,225,18,0.08,1.0278,0.7165,16
92,1972,284,27,0.0951,1.0458,0.6674,18
92,1976,242,31,0.1281,1.025,0.6856,17
92,1980,219,43,0.1963,1.0628,0.6646,14
92,1984,337,66,0.1958,1.0508,0.6503,20
92,1988,345,49,0.142,1.1143,0.6186,22
92,1992,371,47,0.1267,1.05,0.6367,23
92,1996,300,25,0.0833,1.0167,0.5934,22
92,2000,309,53,0.1715,1.0101,0.559,23
92,2004,264,51,0.1932,1.0829,0.5444,24
92,2008,303,74,0.2442,1.1061,0.5024,23
92,2012,530,114,0.2151,1.121,0.5117,32
92,2016,360,130,0.3611,1.1002,0.5565,26
92,2020,392,122,0.3112,1.0952,0.4927,35
92,2024,343,136,0.3965,1.068,0.4953,33
93,1996,3,0,0,0,1,2
93,2000,3,0,0,0,0.6667,2
93,2004,3,0,0,0,0.3333,2
93,2008,3,0,0,0,0.6667,2
93,2012,4,0,0,0,0.5,2
93,2016,5,0,0,0,0.6,3
93,2020,4,0,0,0,0.75,3
93,2024,6,0,0,0,1,5
94,1968,225,48,0.2133,1.0436,0.7601,18
94,1972,297,131,0.4411,1.151,0.7181,18
94,1976,267,167,0.6255,1.1633,0.5504,17
94,1980,346,224,0.6474,1.1532,0.6182,17
94,1988,259,141,0.5444,1.1786,0.5796,16
95,1996,34,2,0.0588,1,0.7857,13
95,2000,36,6,0.1667,1,0.7021,12
95,2004,32,4,0.125,1,0.8205,10
95,2008,35,6,0.1714,1,0.7632,11
95,2012,34,7,0.2059,1,0.7778,10
95,2016,40,7,0.175,1,0.6889,12
95,2020,35,8,0.2286,1,0.8056,11
95,2024,28,7,0.25,1,0.7105,9
96,1984,4,0,0,0,1,1
96,1988,6,0,0,0,0.7143,1
96,1992,7,0,0,0,0.625,1
96,1996,5,0,0,0,0.875,1
96,2000,4,0,0,0,0.5,2
96,2004,2,0,0,0,0.5,1
96,2008,3,0,0,0,0.6667,2
96,2012,2,0,0,0,0.5,1
96,2016,1,0,0,0,1,1
96,2020,3,0,0,0,0.6667,2
96,2024,3,0,0,0,0.6667,2
69,1896,19,13,0.6842,1.3091,1,4
97,1900,76,40,0.5263,1.25,1,10
97,1904,22,7,0.3182,1.4286,1,8
97,1906,49,24,0.4898,1.1786,1,7
97,1908,82,19,0.2317,1.0714,0.9865,12
97,1912,185,49,0.2649,1.0802,0.9679,14
97,1928,293,72,0.2457,1.0346,0.8897,16
97,1932,145,42,0.2897,1.0159,0.9109,15
97,1936,433,202,0.4665,1.0942,0.9105,22
97,1952,205,34,0.1659,1.1167,0.7507,18
97,1956,167,47,0.2814,1.0644,0.8352,16
97,1960,293,81,0.2765,1.1528,0.76,17
97,1964,337,103,0.3056,1.1821,0.7657,19
97,1992,463,175,0.378,1.2056,0.6217,26
97,1996,464,108,0.2328,1.0556,0.6086,26
97,2000,422,106,0.2512,1.0694,0.5802,29
97,2004,441,139,0.3152,1.0638,0.5895,29
97,2008,420,92,0.219,1.0566,0.5609,30
97,2012,383,87,0.2272,1.1058,0.5471,27
97,2016,418,150,0.3589,1.0634,0.541,29
97,2020,415,75,0.1807,1.0563,0.5712,37
97,2024,457,101,0.221,1.0637,0.5301,42
98,1952,7,0,0,0,1,1
98,1960,13,1,0.0769,1,1,2
98,1964,33,1,0.0303,1,0.9,3
98,1968,31,0,0,0,0.9444,3
98,1972,35,1,0.0286,1,0.9024,3
98,1984,21,0,0,0,0.5926,2
98,1988,16,0,0,0,0.619,3
98,1992,34,20,0.5882,1,0.9024,4
98,1996,35,0,0,0,0.95,4
98,2000,22,0,0,0,0.6786,2
98,2004,26,0,0,0,0.8966,2
98,2008,9,0,0,0,0.8889,2
98,2012,7,0,0,0,0.7143,4
98,2016,13,0,0,0,0.4667,5
98,2020,14,1,0.0714,1,0.875,5
98,2024,9,0,0,0,0.8182,2
99,1896,102,42,0.4118,1.1296,1,9
101,1900,3,0,0,0,1,2
101,1904,14,2,0.1429,1,1,2
101,1906,312,95,0.3045,1.1365,0.9814,13
101,1908,20,3,0.15,1.25,1,3
101,1912,22,1,0.0455,2,1,5
101,1920,47,5,0.1064,1,1,8
101,1924,39,1,0.0256,1,0.9747,8
101,1928,23,0,0,0,1,4
101,1932,10,0,0,0,1,3
101,1936,41,0,0,0,0.9688,7
101,1948,61,0,0,0,0.9897,10
101,1952,48,0,0,0,1,7
101,1956,13,1,0.0769,1,1,5
101,1960,48,3,0.0625,1,1,8
101,1964,18,0,0,0,1,4
101,1968,44,1,0.0227,1,1,7
101,1972,60,2,0.0333,1,0.9091,9
101,1976,36,0,0,0,0.95,8
101,1980,41,5,0.122,1,0.8889,8
101,1984,63,2,0.0317,1,0.9178,11
101,1988,56,1,0.0179,1,0.7361,12
101,1992,70,2,0.0286,1,0.7895,17
101,1996,121,8,0.0661,1,0.5611,18
101,2000,140,18,0.1286,1,0.5829,23
101,2004,426,31,0.0728,1,0.507,33
101,2008,152,7,0.0461,1,0.5511,23
101,2012,102,3,0.0294,1,0.6087,20
101,2016,92,6,0.0652,1.2,0.6442,16
101,2020,82,16,0.1951,1,0.58,20
101,2024,100,10,0.1,1,0.6111,17
102,1984,6,0,0,0,0.8333,2
102,1988,6,0,0,0,0.5714,2
102,1992,4,0,0,0,0.8,1
102,1996,5,0,0,0,1,1
102,2000,3,0,0,0,0.6667,2
102,2004,5,0,0,0,0.6,2
102,2008,9,0,0,0,0.4444,2
102,2012,8,1,0.125,1,0.625,3
102,2016,6,1,0.1667,1,0.8333,2
102,2020,6,1,0.1667,1,0.6667,2
102,2024,6,2,0.3333,1,0.6667,2
104,1932,1,0,0,0,0,1
104,1952,21,0,0,0,0.9429,6
104,1968,48,0,0,0,0.9403,8
104,1972,8,0,0,0,1,3
104,1976,28,0,0,0,0.9286,5
104,1980,10,0,0,0,1,5
104,1984,24,0,0,0,0.7358,9
104,1988,28,0,0,0,0.7838,8
104,1992,14,0,0,0,0.8293,7
104,1996,26,0,0,0,0.9643,11
104,2000,15,0,0,0,0.9444,7
104,2004,18,0,0,0,0.5789,8
104,2008,12,0,0,0,0.6923,9
104,2012,19,1,0.0526,1,0.5833,11
104,2016,21,0,0,0,0.6,10
104,2020,24,0,0,0,0.5833,10
104,2024,16,2,0.125,1,0.625,7
105,1968,14,0,0,0,1,1
105,1980,9,0,0,0,1,3
105,1984,1,0,0,0,1,1
105,1988,6,0,0,0,1,3
105,1992,8,0,0,0,0.8182,2
105,1996,5,0,0,0,0.8,2
105,2000,6,0,0,0,0.5,4
105,2004,3,0,0,0,0.75,3
105,2008,5,0,0,0,0.4,3
105,2012,4,0,0,0,0.5,3
105,2016,5,0,0,0,0.4,3
105,2020,5,0,0,0,0.4,4
105,2024,25,0,0,0,0.8,5
106,1988,19,0,0,0,0.7692,7
106,1992,22,0,0,0,0.8,8
106,1996,8,0,0,0,0.7778,4
106,2000,7,0,0,0,0.7143,5
106,2004,4,0,0,0,0.75,3
106,2008,6,0,0,0,0.7143,5
106,2012,8,0,0,0,0.625,5
106,2016,5,0,0,0,0.6,3
106,2020,5,0,0,0,0.4,4
106,2024,7,0,0,0,0.1111,6
107,1948,4,0,0,0,1,3
107,1952,1,0,0,0,1,1
107,1956,4,0,0,0,0.6667,2
107,1960,5,0,0,0,0.8333,2
107,1964,1,0,0,0,1,1
107,1968,5,0,0,0,1,4
107,1972,3,0,0,0,1,2
107,1980,8,1,0.125,1,0.8,3
107,1984,10,0,0,0,0.8333,3
107,1988,8,0,0,0,0.875,3
107,1992,6,0,0,0,0.8571,3
107,1996,7,0,0,0,0.8889,2
107,2000,4,0,0,0,0.75,1
107,2004,4,0,0,0,0.5,3
107,2008,4,0,0,0,0.5,2
107,2012,6,0,0,0,0.6667,3
107,2016,6,0,0,0,0.4286,2
107,2020,7,0,0,0,0.4286,4
107,2024,5,0,0,0,0.4,3
108,1900,3,1,0.3333,1,1,2
108,1924,8,5,0.625,1,1,2
108,1928,2,1,0.5,1,1,1
108,1932,3,0,0,0,1,2
108,1960,1,0,0,0,1,1
108,1972,7,0,0,0,0.8571,1
108,1976,13,0,0,0,0.7857,2
108,1984,3,0,0,0,0.3333,2
108,1988,4,0,0,0,0.8,2
108,1992,7,0,0,0,1,2
108,1996,7,0,0,0,1,4
108,2000,5,0,0,0,0.6,3
108,2004,8,0,0,0,0.875,4
108,2008,7,0,0,0,0.4286,3
108,2012,5,0,0,0,0.6,2
108,2016,10,0,0,0,0.7,7
108,2020,6,0,0,0,0.3333,5
108,2024,7,0,0,0,0.3333,5
109,1952,4,0,0,0,0.6667,1
109,1956,2,0,0,0,1,1
109,1960,4,0,0,0,1,2
109,1964,39,0,0,0,0.98,7
109,1968,11,0,0,0,1,3
109,1972,10,0,0,0,1,5
109,1976,25,0,0,0,0.92,6
109,1984,47,0,0,0,0.6897,10
109,1988,48,0,0,0,0.7363,11
109,1992,37,0,0,0,0.7727,11
109,1996,22,1,0.0455,1,0.6562,10
109,2000,31,0,0,0,0.587,9
109,2004,32,2,0.0625,1,0.4524,10
109,2008,34,0,0,0,0.4681,11
109,2012,41,1,0.0244,1,0.4727,13
109,2016,36,0,0,0,0.3617,9
109,2020,44,7,0.1591,1.2,0.3692,15
109,2024,34,3,0.0882,1.5,0.3725,13
110,1968,6,0,0,0,1,1
110,1976,3,0,0,0,1,1
110,1984,10,0,0,0,0.8077,3
110,1988,8,0,0,0,0.7222,3
110,1992,10,0,0,0,0.5185,4
110,1996,7,0,0,0,0.5714,4
110,2000,20,0,0,0,0.9,3
110,2004,5,0,0,0,0.6,4
110,2008,25,0,0,0,0.9231,5
110,2012,25,0,0,0,0.88,8
110,2016,23,0,0,0,0.9565,7
110,2020,27,0,0,0,0.8929,5
110,2024,4,0,0,0,0.75,3
113,1896,7,5,0.7143,1.3333,1,4
113,1900,18,3,0.1667,2,1,4
113,1904,4,2,0.5,2,1,2
113,1906,35,11,0.3143,1.1,1,7
113,1908,65,18,0.2769,1.0833,1,8
113,1912,121,28,0.2314,1.0444,1,11
113,1924,89,16,0.1798,1.1111,0.9714,12
113,1928,109,19,0.1743,1.0476,0.9269,12
113,1932,58,28,0.4828,1.4107,0.9831,11
113,1936,216,38,0.1759,1.0595,0.9284,21
113,1948,128,54,0.4219,1.09,0.8784,15
113,1952,188,77,0.4096,1.313,0.7478,15
113,1956,111,50,0.4505,1.2526,0.6904,13
113,1960,183,59,0.3224,1.1313,0.7724,18
113,1964,182,53,0.2912,1.1424,0.7492,17
113,1968,166,75,0.4518,1.0721,0.7261,15
113,1972,226,74,0.3274,1.0985,0.7357,20
113,1976,177,51,0.2881,1.05,0.6806,17
113,1980,260,56,0.2154,1.0846,0.6888,21
113,1988,188,38,0.2021,1.1343,0.746,20
113,1992,215,35,0.1628,1.2931,0.6838,23
113,1996,212,40,0.1887,1.0469,0.6159,24
113,2000,178,49,0.2753,1.028,0.605,23
113,2004,208,38,0.1827,1.0185,0.562,20
113,2008,169,23,0.1361,1.4571,0.5231,20
113,2012,151,23,0.1523,1.0341,0.5622,21
113,2016,153,15,0.098,1.4167,0.5588,20
113,2020,171,46,0.269,1.1629,0.4684,25
113,2024,177,24,0.1356,1.1406,0.5216,24
115,1952,3,0,0,0,1,3
115,1956,22,0,0,0,0.9167,6
115,1960,22,0,0,0,0.9259,8
115,1968,6,0,0,0,1,2
115,1972,6,0,0,0,0.4286,5
115,1976,7,0,0,0,0.7273,5
115,1984,16,0,0,0,0.8261,6
115,1988,29,3,0.1034,1,0.7674,11
115,1992,42,6,0.1429,1,0.5882,10
115,1996,40,6,0.15,1,0.5333,11
115,2000,47,8,0.1702,1,0.6111,12
115,2004,38,5,0.1316,1,0.5641,14
115,2008,24,7,0.2917,1,0.5769,7
115,2012,22,2,0.0909,1,0.5909,8
115,2016,28,4,0.1429,1,0.6452,7
115,2020,28,6,0.2143,1,0.6,8
115,2024,29,3,0.1034,1,0.5,12
116,1900,1,1,1,2,1,1
116,1920,5,0,0,0,1,2
116,1924,13,0,0,0,0.9167,2
116,1928,21,14,0.6667,1,1,2
116,1932,19,15,0.7895,1,1,3
116,1936,27,19,0.7037,1,1,4
116,1948,79,20,0.2532,1,1,10
116,1952,64,15,0.2344,1,0.9255,11
116,1956,58,17,0.2931,1,0.9873,8
116,1960,45,13,0.2889,1,1,6
116,1964,52,15,0.2885,1,0.991,8
116,1968,23,14,0.6087,1.1429,1,5
116,1972,41,14,0.3415,1,0.9767,7
116,1976,26,0,0,0,1,5
116,1980,71,16,0.2254,1,0.7821,8
116,1984,47,0,0,0,0.8113,7
116,1988,46,0,0,0,0.8182,11
116,1992,52,0,0,0,0.8852,12
116,1996,49,1,0.0204,1,0.8333,13
116,2000,65,1,0.0154,1,0.6714,13
116,2004,73,1,0.0137,1,0.6296,14
116,2008,53,3,0.0566,1,0.5672,12
116,2012,81,6,0.0741,1,0.6947,13
116,2016,112,2,0.0179,1,0.5231,15
116,2020,126,24,0.1905,1,0.5497,18
116,2024,112,21,0.1875,1.0833,0.558,16
117,1992,58,3,0.0517,1,0.6579,13
117,2000,4,0,0,0,0.75,3
117,2012,4,0,0,0,0.75,3
117,2016,9,2,0.2222,1,0.8889,3
118,1900,1,0,0,0,1,1
118,1948,36,1,0.0278,1,1,5
118,1952,22,7,0.3182,1,1,4
118,1956,17,5,0.2941,1,1,3
118,1960,23,4,0.1739,1,1,5
118,1964,62,2,0.0323,1,0.8958,11
118,1968,14,5,0.3571,1,1,3
118,1972,48,3,0.0625,1,1,7
118,1976,84,2,0.0238,1,0.9327,9
118,1988,23,1,0.0435,1,1,3
118,1992,36,3,0.0833,1,1,6
118,1996,18,3,0.1667,1,0.9444,6
118,2000,33,4,0.1212,1,0.9706,12
118,2004,37,6,0.1622,1,0.973,10
118,2008,54,2,0.037,1,0.9455,12
118,2012,52,12,0.2308,1,0.807,13
118,2016,63,8,0.127,1,0.8358,15
118,2020,65,7,0.1077,1,0.8158,17
118,2024,41,12,0.2927,1,0.7391,14
119,1924,48,2,0.0417,1,0.9,6
119,1928,38,1,0.0263,1,0.8409,6
119,1932,16,2,0.125,1,0.8333,3
119,1948,73,1,0.0137,1,0.9277,10
119,1952,19,1,0.0526,1,1,6
119,1956,18,5,0.2778,1,0.92,5
119,1960,49,0,0,0,0.9524,8
119,1964,25,1,0.04,1,0.9429,7
119,1968,31,0,0,0,0.807,7
119,1972,59,0,0,0,0.7619,12
119,1976,44,0,0,0,0.9153,10
119,1980,47,3,0.0638,1,0.9123,11
119,1984,42,1,0.0238,1,0.6364,10
119,1988,61,0,0,0,0.8333,12
119,1992,58,2,0.0345,1,0.8052,12
119,1996,78,1,0.0128,4,0.7778,13
119,2000,64,1,0.0156,1,0.5921,10
119,2004,46,0,0,0,0.6727,9
119,2008,55,3,0.0545,1,0.6984,12
119,2012,64,5,0.0781,1,0.5526,14
119,2016,76,3,0.0395,1,0.6667,14
119,2020,125,8,0.064,1,0.5267,20
119,2024,143,7,0.049,1,0.4757,17
120,1948,11,0,0,0,1,2
120,1960,21,1,0.0476,1,1,5
120,1964,13,0,0,0,1,3
120,1968,3,0,0,0,1,3
120,1980,43,0,0,0,1,5
120,1984,22,0,0,0,1,4
120,1988,27,0,0,0,1,5
120,1992,8,0,0,0,1,3
120,1996,3,0,0,0,1,3
120,2000,4,0,0,0,0.5,2
120,2004,23,0,0,0,0.9583,7
120,2008,4,0,0,0,0.75,2
120,2012,8,0,0,0,0.625,7
120,2016,20,0,0,0,1,5
120,2020,3,0,0,0,0.6667,3
120,2024,23,0,0,0,1,5
121,1908,1,0,0,0,1,1
121,1912,2,0,0,0,1,2
121,1936,12,0,0,0,1,2
121,1948,19,0,0,0,0.8889,3
121,1952,9,0,0,0,1,1
121,1956,2,1,0.5,1,1,1
121,1960,9,0,0,0,0.9091,2
121,1964,4,0,0,0,0.8,2
121,1968,8,0,0,0,0.625,3
121,1972,25,0,0,0,0.9667,4
121,1976,13,0,0,0,0.6364,4
121,1980,9,0,0,0,1,3
121,1984,30,1,0.0333,1,0.8857,5
121,1988,32,0,0,0,0.8095,5
121,1992,27,0,0,0,0.8387,6
121,1996,9,0,0,0,0.7333,5
121,2000,18,1,0.0556,1,0.5862,5
121,2004,26,0,0,0,0.8235,5
121,2008,27,14,0.5185,1,0.7097,5
121,2012,27,0,0,0,0.6667,6
121,2016,8,0,0,0,0.2857,4
121,2020,4,0,0,0,0.6,3
121,2024,5,0,0,0,0.4286,4
122,1952,25,0,0,0,0.871,5
122,1956,3,0,0,0,0.6667,3
122,1960,23,0,0,0,0.587,7
122,1964,10,0,0,0,0.7692,3
122,1968,29,0,0,0,0.8205,4
122,1972,14,0,0,0,0.7647,7
122,1976,26,0,0,0,0.9412,10
122,1984,32,0,0,0,0.7077,11
122,1988,18,0,0,0,0.7241,8
122,1992,30,2,0.0667,1,0.7955,10
122,1996,25,1,0.04,1,0.7368,10
122,2000,39,1,0.0256,1,0.7759,9
122,2004,36,2,0.0556,1,0.587,14
122,2008,43,1,0.0233,1,0.5833,12
122,2012,37,0,0,0,0.5893,10
122,2016,47,2,0.0426,1,0.4746,16
122,2020,90,14,0.1556,1,0.5703,19
122,2024,89,11,0.1236,1,0.5797,20
123,1968,6,0,0,0,1,3
123,1972,16,0,0,0,1,4
123,1976,21,0,0,0,0.8462,6
123,1984,29,0,0,0,0.8846,7
123,1988,22,1,0.0455,1,0.8913,6
123,1992,25,0,0,0,0.7647,7
123,1996,12,0,0,0,0.4286,5
123,2000,9,0,0,0,0.75,5
123,2004,6,0,0,0,0.7778,4
123,2008,7,0,0,0,0.75,5
123,2012,7,0,0,0,0.4444,3
123,2016,7,0,0,0,0.7143,4
123,2020,4,0,0,0,0.8,3
123,2024,5,0,0,0,0.8,4
124,1896,1,0,0,0,1,1
124,1900,23,4,0.1739,1.3333,0.9722,6
124,1904,1,0,0,0,1,1
124,1906,76,47,0.6184,1.3812,1,9
124,1908,66,8,0.1212,1,1,8
124,1912,66,23,0.3485,1.0278,1,8
124,1920,173,66,0.3815,1.1721,0.9931,18
124,1924,199,45,0.2261,1.0966,0.979,18
124,1928,174,69,0.3966,1.0196,0.9231,15
124,1932,112,63,0.5625,1.1548,1,13
124,1936,244,68,0.2787,1.0556,0.9427,17
124,1948,215,62,0.2884,1.0391,0.9194,16
124,1952,231,46,0.1991,1.0755,0.7952,19
124,1956,135,38,0.2815,1.147,0.7246,14
124,1960,280,78,0.2786,1.1148,0.8035,19
124,1964,167,46,0.2754,1.2552,0.9297,18
124,1968,167,31,0.1856,1.1375,0.8769,17
124,1972,223,20,0.0897,1.3625,0.7942,19
124,1976,209,29,0.1388,1.025,0.7821,20
124,1980,159,35,0.2201,1.0379,0.7192,19
124,1984,268,58,0.2164,1.0712,0.7935,23
124,1988,253,27,0.1067,1.0606,0.8075,23
124,1992,304,44,0.1447,1.0152,0.7517,26
124,1996,340,65,0.1912,1.0888,0.7043,27
124,2000,361,60,0.1662,1.0985,0.6499,29
124,2004,364,101,0.2775,1.0221,0.6414,30
124,2008,333,39,0.1171,1.0178,0.6013,29
124,2012,281,63,0.2242,1.0389,0.555,28
124,2016,309,69,0.2233,1.0909,0.5338,26
124,2020,377,68,0.1804,1.0421,0.5,39
124,2024,397,77,0.194,1.0463,0.523,39
125,1984,9,0,0,0,1,2
125,1988,3,0,0,0,1,2
125,1992,4,0,0,0,1,2
125,1996,7,0,0,0,1,2
125,2000,1,0,0,0,1,1
125,2004,1,0,0,0,1,1
125,2008,2,0,0,0,0.5,1
125,2012,2,0,0,0,0.5,1
125,2016,4,0,0,0,0.25,2
125,2020,3,0,0,0,0.3333,2
125,2024,4,0,0,0,0.75,2
127,1948,13,2,0.1538,1.5,0.6538,3
127,1952,8,4,0.5,2,0.8125,2
127,1956,6,0,0,0,1,1
127,1964,21,0,0,0,0.7188,4
127,1968,25,1,0.04,1,0.6857,5
127,1972,32,1,0.0312,1,0.6275,6
127,1976,20,1,0.05,2,0.4722,3
127,1980,18,3,0.1667,1,0.5625,2
127,1984,45,6,0.1333,1.1667,0.68,5
127,1988,35,7,0.2,1,0.6122,5
127,1992,36,3,0.0833,1.3333,0.5294,5
127,1996,46,14,0.3043,1.1429,0.5362,5
127,2000,48,17,0.3542,1.3529,0.4462,4
127,2004,47,11,0.234,1.1818,0.4355,4
127,2008,50,11,0.22,1.2727,0.4545,4
127,2012,45,18,0.4,1.3889,0.4677,4
127,2016,56,24,0.4286,1.25,0.4416,4
127,2020,61,16,0.2623,1.3125,0.4713,6
127,2024,65,6,0.0923,1,0.4444,4
128,1980,4,0,0,0,1,1
128,1984,13,0,0,0,0.9333,3
128,1988,7,0,0,0,0.7778,5
128,1992,4,0,0,0,0.8,3
128,1996,5,0,0,0,0.6,3
128,2000,8,0,0,0,0.5,6
128,2004,8,0,0,0,0.5,5
128,2008,7,0,0,0,0.4286,5
128,2012,9,0,0,0,0.5556,5
128,2016,8,1,0.125,1,0.875,6
128,2020,14,2,0.1429,1,0.7333,8
128,2024,12,1,0.0833,1,0.7692,6
129,1912,2,0,0,0,1,1
129,1920,15,2,0.1333,1.5,1,4
129,1924,19,1,0.0526,1,1,4
129,1928,40,8,0.2,1.0833,0.9643,7
129,1932,157,29,0.1847,1.1012,0.867,11
129,1936,220,19,0.0864,1.1465,0.92,14
129,1952,69,10,0.1449,1.1778,0.8722,13
129,1956,112,13,0.1161,1.6389,0.7387,14
129,1960,161,21,0.1304,1.2525,0.7842,17
129,1964,328,54,0.1646,1.0741,0.7763,21
129,1968,171,52,0.3041,1.2619,0.7716,18
129,1972,184,40,0.2174,1.6,0.7304,21
129,1976,213,32,0.1502,1.25,0.6799,20
129,1984,226,40,0.177,1.2037,0.7123,22
129,1988,255,18,0.0706,1.1111,0.6772,23
129,1992,256,44,0.1719,1.1042,0.6786,24
129,1996,306,42,0.1373,1,0.5156,27
129,2000,266,41,0.1541,1.0556,0.6226,28
129,2004,305,84,0.2754,1.1176,0.5072,31
129,2008,332,48,0.1446,1.0556,0.5098,31
129,2012,291,76,0.2612,1.0727,0.4987,29
129,2016,335,57,0.1701,1.097,0.5206,32
129,2020,613,114,0.186,1.1356,0.5324,46
129,2024,430,70,0.1628,1.0935,0.5535,41
130,1996,96,10,0.1042,1.1,0.7465,14
130,2000,130,7,0.0538,1,0.6646,17
130,2004,114,8,0.0702,1,0.6385,17
130,2008,130,13,0.1,1,0.4932,19
130,2012,113,13,0.115,1,0.6439,19
130,2016,101,18,0.1782,1,0.5366,19
130,2020,97,8,0.0825,1,0.6897,25
130,2024,79,8,0.1013,1,0.7073,23
131,1956,25,0,0,0,0.9677,4
131,1960,27,0,0,0,1,4
131,1964,37,1,0.027,1,1,5
131,1968,39,10,0.2564,1.1111,0.94,4
131,1972,57,10,0.1754,1.1429,0.9565,4
131,1984,61,3,0.0492,1,0.9104,5
131,1988,74,9,0.1216,1,0.9318,7
131,1992,49,8,0.1633,1,0.8364,5
131,1996,52,8,0.1538,1,0.8148,5
131,2000,56,7,0.125,1,0.6102,6
131,2004,46,7,0.1522,1,0.4783,4
131,2008,46,15,0.3261,1,0.617,5
131,2012,47,10,0.2128,1.1,0.5686,4
131,2016,79,12,0.1519,1.0833,0.575,7
131,2020,87,10,0.1149,1,0.4382,7
131,2024,74,9,0.1216,1.2222,0.5195,6
132,1996,33,0,0,0,0.8113,9
132,2000,48,1,0.0208,1,0.7183,9
132,2004,29,0,0,0,0.7812,9
132,2008,20,2,0.1,1,0.8182,9
132,2012,14,0,0,0,0.8,8
132,2016,19,0,0,0,0.6316,6
132,2020,16,3,0.1875,1,0.7059,7
132,2024,16,6,0.375,1,0.7059,5
133,2004,3,0,0,0,0.6667,2
133,2008,2,0,0,0,1,2
133,2012,3,0,0,0,0.6667,2
133,2016,3,0,0,0,0.6667,2
133,2020,3,0,0,0,0.6667,3
133,2024,3,0,0,0,0.6667,3
134,1948,46,2,0.0435,1,0.9792,7
134,1952,19,2,0.1053,1,0.9545,6
134,1956,35,2,0.0571,1,1,7
134,1960,35,0,0,0,0.8776,9
134,1964,153,3,0.0196,1,0.8167,17
134,1968,54,2,0.037,1,0.7727,11
134,1972,42,1,0.0238,1,0.7674,8
134,1976,50,17,0.34,1,0.7647,5
134,1984,174,41,0.2356,1,0.7125,19
134,1988,399,72,0.1805,1.0867,0.6388,27
134,1992,225,45,0.2,1.0758,0.7081,24
134,1996,299,63,0.2107,1.05,0.6523,25
134,2000,279,69,0.2473,1.1364,0.6462,26
134,2004,260,49,0.1885,1.0758,0.5901,25
134,2008,263,72,0.2738,1.1929,0.6322,27
134,2012,249,57,0.2289,1.1319,0.5641,25
134,2016,207,23,0.1111,1.0556,0.5513,26
134,2020,237,34,0.1435,1.0703,0.574,31
134,2024,147,46,0.3129,1.1581,0.4556,23
135,2016,8,1,0.125,1,0.375,5
135,2020,11,2,0.1818,1,0.4545,6
135,2024,9,2,0.2222,1,0.2222,4
136,1972,10,0,0,0,1,1
136,1976,14,0,0,0,1,1
136,1984,37,0,0,0,1,5
136,1988,9,0,0,0,1,3
136,1992,9,0,0,0,1,5
136,1996,29,0,0,0,1,5
136,2000,18,2,0.1111,1,1,5
136,2004,16,0,0,0,1,6
136,2008,14,0,0,0,1,4
136,2012,18,4,0.2222,1,0.913,5
136,2016,10,0,0,0,0.7273,5
136,2020,33,1,0.0303,1,0.9394,9
136,2024,8,0,0,0,0.8182,4
137,1968,2,0,0,0,1,1
137,1972,4,0,0,0,1,2
137,1976,15,0,0,0,1,4
137,1980,56,0,0,0,1,7
137,1984,23,0,0,0,1,5
137,1988,25,0,0,0,1,7
137,1992,32,0,0,0,1,7
137,1996,25,0,0,0,1,9
137,2000,29,1,0.0345,1,1,6
137,2004,11,0,0,0,0.9091,3
137,2008,8,0,0,0,1,5
137,2012,10,1,0.1,1,0.75,4
137,2020,10,1,0.1,1,0.8,5
137,2024,9,0,0,0,0.5556,6
139,1980,19,0,0,0,0.8947,3
139,1988,3,0,0,0,0.6667,2
139,1992,6,0,0,0,1,2
139,1996,5,0,0,0,0.8,1
139,2000,3,0,0,0,0.6667,2
139,2004,5,0,0,0,0.6,3
139,2008,4,0,0,0,0.5,2
139,2012,3,0,0,0,0.6667,2
139,2016,5,0,0,0,0.6,4
139,2020,4,0,0,0,0.5,3
139,2024,4,0,0,0,0.25,3
140,1924,36,0,0,0,1,6
140,1928,17,0,0,0,0.9167,6
140,1932,5,1,0.2,1,1,2
140,1936,29,2,0.069,1,1,6
140,1992,34,3,0.0882,1,0.725,13
140,1996,47,1,0.0213,1,0.6909,12
140,2000,45,3,0.0667,1,0.7167,13
140,2004,32,4,0.125,1,0.7556,11
140,2008,47,3,0.0638,1,0.6604,11
140,2012,45,3,0.0667,1,0.72,12
140,2016,32,0,0,0,0.6061,12
140,2020,33,5,0.1515,1,0.5526,15
140,2024,29,0,0,0,0.5312,14
141,1968,1,0,0,0,1,1
141,1980,29,0,0,0,0.8684,5
141,1988,6,0,0,0,1,3
141,1992,5,0,0,0,1,4
141,1996,5,0,0,0,1,2
141,2000,3,0,0,0,1,3
141,2004,8,0,0,0,0.75,5
141,2008,6,0,0,0,0.6667,4
141,2012,4,0,0,0,0.75,3
141,2016,7,0,0,0,0.8571,6
141,2020,4,0,0,0,0.75,4
141,2024,6,0,0,0,0.8333,5
142,2020,6,0,0,0,0.5,5
142,2024,9,0,0,0,0.6364,7
143,1956,4,0,0,0,1,1
143,1960,4,0,0,0,1,1
143,1964,1,0,0,0,1,1
143,1972,5,0,0,0,1,1
143,1984,7,0,0,0,0.9,1
143,1988,8,0,0,0,0.7273,2
143,1996,5,0,0,0,0.8571,1
143,2000,8,0,0,0,0.8,1
143,2004,2,0,0,0,0.5,1
143,2008,3,0,0,0,0.5,1
143,2012,3,0,0,0,0.3333,1
143,2016,2,0,0,0,0.6667,1
143,2020,3,0,0,0,0.75,1
143,2024,8,0,0,0,0.7,1
144,1996,6,0,0,0,0.875,2
144,2000,5,0,0,0,0.6,2
144,2004,2,0,0,0,0.5,2
144,2008,4,0,0,0,0.25,2
144,2012,4,0,0,0,0.25,3
144,2016,5,0,0,0,0.4,3
144,2020,5,0,0,0,0.4,3
144,2024,4,1,0.25,2,0.6,3
145,1972,1,0,0,0,1,1
145,1980,5,0,0,0,1,1
145,1984,4,0,0,0,1,2
145,1988,6,0,0,0,1,2
145,1992,6,0,0,0,0.75,1
145,1996,9,0,0,0,0.5455,1
145,2000,6,0,0,0,0.6667,3
145,2004,3,0,0,0,0.3333,2
145,2008,5,0,0,0,0.8,2
145,2012,4,0,0,0,0.5,2
145,2016,8,0,0,0,0.8889,3
145,2020,2,0,0,0,0.5,1
145,2024,3,0,0,0,0.3333,2
146,1948,8,0,0,0,1,3
146,1952,9,2,0.2222,1,1,4
146,1960,19,0,0,0,1,6
146,1964,5,0,0,0,1,2
146,1968,11,0,0,0,1,6
146,1972,19,1,0.0526,1,0.9444,9
146,1976,3,0,0,0,1,3
146,1980,15,1,0.0667,1,1,8
146,1984,22,0,0,0,0.9667,9
146,1988,21,0,0,0,0.9032,8
146,1992,12,0,0,0,1,7
146,1996,1,0,0,0,0,1
146,2000,6,0,0,0,0.6667,4
146,2004,5,0,0,0,0.6,3
146,2008,6,0,0,0,0.6667,4
146,2012,10,0,0,0,0.3,7
146,2016,9,0,0,0,0.4444,7
147,1936,6,0,0,0,1,3
147,1948,2,0,0,0,1,1
147,1952,2,0,0,0,1,1
147,1960,5,0,0,0,1,3
147,1964,2,0,0,0,1,1
147,1968,2,0,0,0,1,1
147,1972,6,0,0,0,1,4
147,1976,6,0,0,0,0.6667,2
147,1984,7,0,0,0,0.75,3
147,1988,12,0,0,0,0.8125,5
147,1992,7,0,0,0,0.625,4
147,1996,2,0,0,0,0,2
147,2000,2,0,0,0,0.5,2
147,2004,1,0,0,0,1,1
147,2008,2,0,0,0,1,2
147,2012,3,0,0,0,0.25,3
147,2016,3,0,0,0,0.3333,2
147,2020,5,0,0,0,0.3333,3
147,2024,1,0,0,0,1,1
149,1924,13,0,0,0,1,2
149,1928,12,0,0,0,0.9231,4
149,1992,47,13,0.2766,1,0.7778,11
149,1996,61,11,0.1803,1,0.7284,14
149,2000,61,17,0.2787,1,0.6104,15
149,2004,59,3,0.0508,1,0.7857,13
149,2008,71,5,0.0704,1,0.5769,16
149,2012,62,5,0.0806,1,0.5833,14
149,2016,67,7,0.1045,1,0.75,15
149,2020,42,1,0.0238,1,0.6441,13
149,2024,51,7,0.1373,1,0.6032,14
150,1900,1,1,1,1,1,1
150,1912,21,0,0,0,1,2
150,1920,25,1,0.04,1,1,6
150,1924,48,2,0.0417,1,0.9836,10
150,1928,48,1,0.0208,1,0.9813,10
150,1932,3,0,0,0,1,1
150,1936,49,0,0,0,0.9922,10
150,1948,45,0,0,0,0.9652,8
150,1952,44,1,0.0227,1,1,9
150,1956,11,0,0,0,0.8148,5
150,1960,52,0,0,0,0.8889,10
150,1964,12,0,0,0,0.9259,7
150,1968,5,0,0,0,0.5714,5
150,1972,11,0,0,0,0.9333,5
150,1976,8,0,0,0,1,4
150,1980,3,0,0,0,1,3
150,1984,5,0,0,0,0.8,3
150,1988,8,0,0,0,0.6364,4
150,1992,6,0,0,0,0.875,4
150,1996,6,0,0,0,0.4286,5
150,2000,7,0,0,0,0.2222,4
150,2004,10,0,0,0,0.5,6
150,2008,13,0,0,0,0.7895,7
150,2012,9,0,0,0,0.6364,7
150,2016,10,0,0,0,0.5333,5
150,2020,12,0,0,0,0.5714,7
150,2024,13,0,0,0,0.5385,7
152,1964,3,0,0,0,1,1
152,1968,4,0,0,0,1,2
152,1972,11,0,0,0,1,2
152,1980,11,0,0,0,0.6667,4
152,1984,5,0,0,0,1,2
152,1992,13,0,0,0,0.4706,6
152,1996,11,0,0,0,0.2857,4
152,2000,11,0,0,0,0.3846,4
152,2004,8,0,0,0,0.375,5
152,2008,6,0,0,0,0.6667,4
152,2012,7,0,0,0,0.4286,5
152,2016,6,0,0,0,0.3333,4
152,2020,6,0,0,0,0.6667,4
152,2024,7,0,0,0,0.4286,5
153,1956,32,0,0,0,0.9706,5
153,1960,9,0,0,0,1,4
154,1960,47,1,0.0213,1,1,10
154,1964,20,0,0,0,1,4
154,1968,25,0,0,0,1,4
154,1972,35,0,0,0,0.9231,5
154,1976,9,0,0,0,1,2
154,1984,34,2,0.0588,1,0.9714,6
154,1988,27,3,0.1111,1,0.8621,4
154,1992,44,3,0.0682,1,0.9778,7
154,1996,34,2,0.0588,1,0.8421,7
154,2000,55,5,0.0909,1,0.8364,9
154,2004,55,2,0.0364,1.5,0.8421,9
154,2008,47,2,0.0426,1,0.7551,7
154,2012,63,1,0.0159,1,0.7164,12
154,2016,48,1,0.0208,1,0.5962,13
154,2020,46,1,0.0217,1,0.7059,18
154,2024,61,20,0.3279,1,0.7143,21
155,1964,61,0,0,0,0.9259,10
155,1968,31,0,0,0,1,4
155,1972,44,0,0,0,0.9123,5
155,1976,23,0,0,0,1,5
155,1984,21,0,0,0,0.8519,5
155,1988,9,0,0,0,0.5294,5
155,1992,26,2,0.0769,1,1,6
155,1996,35,3,0.0857,1,0.9302,8
155,2000,40,0,0,0,0.7636,9
155,2004,26,0,0,0,0.7105,11
155,2008,31,1,0.0323,1,0.619,10
155,2012,28,2,0.0714,1,0.5789,9
155,2016,32,8,0.25,1,0.5476,10
155,2020,30,3,0.1,1,0.4681,10
155,2024,26,3,0.1154,1,0.4688,11
156,1972,16,0,0,0,0.7778,3
156,1984,15,0,0,0,1,3
156,1988,16,0,0,0,1,3
156,1992,4,0,0,0,0.75,1
156,1996,2,0,0,0,1,1
156,2000,2,0,0,0,0.5,1
156,2004,4,0,0,0,0.5,2
156,2008,4,0,0,0,0.5,2
156,2012,3,0,0,0,0.3333,2
156,2016,5,0,0,0,0.6,3
156,2020,5,0,0,0,0.4,4
156,2024,3,0,0,0,0.3333,2
157,1996,40,3,0.075,1,0.9,10
157,2000,34,2,0.0588,1,0.8571,7
157,2004,33,0,0,0,0.7879,8
157,2008,29,1,0.0345,1,0.7333,8
157,2012,20,2,0.1,1,0.6,9
157,2016,23,0,0,0,0.6087,9
157,2020,20,1,0.05,1,0.4231,8
157,2024,26,4,0.1538,1,0.5,10
158,1988,7,0,0,0,1,1
158,1992,7,0,0,0,0.9,2
158,1996,6,0,0,0,0.8889,2
158,2000,4,0,0,0,0.5,2
158,2004,4,0,0,0,0.5,2
158,2008,4,0,0,0,0.5,2
158,2012,5,0,0,0,0.6,3
158,2016,4,0,0,0,0.5,2
158,2020,4,0,0,0,0.5,3
158,2024,5,0,0,0,0.4,4
159,1900,1,1,1,3,1,1
159,1924,15,0,0,0,1,3
159,1928,30,0,0,0,1,6
159,1932,72,2,0.0278,1,0.98,12
159,1936,32,16,0.5,1,1,8
159,1948,88,6,0.0682,1.3,0.9396,14
159,1952,64,1,0.0156,1,0.9647,13
159,1956,24,1,0.0417,2,0.9167,10
159,1960,69,1,0.0145,1,0.8818,14
159,1964,93,1,0.0108,1,0.9531,15
159,1968,272,9,0.0331,1,0.7691,20
159,1972,171,1,0.0058,1,0.7473,20
159,1976,96,2,0.0208,1,0.8905,17
159,1980,45,9,0.2,1.0625,0.6757,12
159,1984,98,5,0.051,1.125,0.7355,18
159,1988,81,2,0.0247,1,0.7986,17
159,1992,102,1,0.0098,1,0.7286,18
159,1996,97,1,0.0103,1,0.7207,19
159,2000,78,6,0.0769,1,0.6531,19
159,2004,109,4,0.0367,1,0.5109,20
159,2008,83,4,0.0482,1,0.5049,23
159,2012,99,24,0.2424,1,0.6218,23
159,2016,122,5,0.041,1,0.5971,27
159,2020,162,27,0.1667,1,0.5663,31
159,2024,108,7,0.0648,1.125,0.3742,29
160,1964,21,0,0,0,0.675,5
160,1968,16,4,0.25,1,0.5789,4
160,1972,39,1,0.0256,1,0.9545,7
160,1976,32,1,0.0312,1,0.9394,5
160,1980,43,4,0.093,1,0.7895,8
160,1988,28,1,0.0357,1,0.7812,5
160,1992,33,2,0.0606,1,0.7895,8
160,1996,16,1,0.0625,1,0.6667,7
160,2000,20,0,0,0,0.5217,6
160,2004,20,1,0.05,1,0.619,7
160,2008,28,4,0.1429,1,0.4516,7
160,2012,29,5,0.1724,1,0.5625,7
160,2016,43,2,0.0465,1,0.5652,9
160,2020,43,4,0.093,1,0.4426,10
160,2024,32,1,0.0312,1,0.4792,9
161,2008,5,0,0,0,0.6,3
161,2012,4,0,0,0,0.5,2
161,2016,5,0,0,0,0.4,3
161,2020,2,0,0,0,0.5,1
161,2024,4,0,0,0,0.5,3
163,1996,11,0,0,0,0.625,4
163,2000,10,1,0.1,1,0.4667,5
163,2004,10,0,0,0,0.5714,5
163,2008,7,0,0,0,0.7143,5
163,2012,4,0,0,0,0.5,2
163,2016,6,0,0,0,0.3333,4
163,2020,8,1,0.125,1,0.625,7
163,2024,6,0,0,0,0.6667,6
164,1964,2,0,0,0,1,1
164,1968,2,0,0,0,1,2
164,1972,3,0,0,0,1,2
164,1980,7,0,0,0,0.8571,3
164,1984,4,0,0,0,1,3
164,1988,6,0,0,0,0.75,3
164,1992,5,0,0,0,0.6667,2
164,1996,3,0,0,0,0.5,1
164,2000,5,0,0,0,0.6,3
164,2004,21,0,0,0,0.9048,4
164,2008,17,0,0,0,0.1765,4
164,2012,6,0,0,0,0.6667,4
164,2016,6,0,0,0,0.6667,4
164,2020,4,0,0,0,0.75,3
164,2024,24,0,0,0,0.9167,5
165,1928,9,0,0,0,1,1
165,1936,11,0,0,0,1,2
165,1948,1,0,0,0,1,1
165,1960,10,0,0,0,1,4
165,1968,1,0,0,0,1,1
165,1972,5,0,0,0,1,2
165,1980,8,0,0,0,0.9167,3
165,1984,7,0,0,0,0.7143,5
165,1988,6,0,0,0,0.8333,4
165,1992,6,0,0,0,0.375,4
165,1996,7,0,0,0,0.5,5
165,2000,7,0,0,0,0.5714,5
165,2004,7,0,0,0,0.5714,5
165,2008,6,0,0,0,0.5,4
165,2012,5,0,0,0,0.6,3
165,2016,7,0,0,0,0.5,4
165,2020,6,0,0,0,0.25,5
165,2024,5,0,0,0,0.6,4
166,2008,19,0,0,0,0.9,6
166,2012,33,14,0.4242,1,0.5588,7
166,2016,35,0,0,0,0.4857,7
166,2020,35,0,0,0,0.4571,7
166,2024,19,0,0,0,0.8421,6
168,1920,4,0,0,0,1,2
168,1924,7,1,0.1429,1,1,4
168,1928,10,0,0,0,1,4
168,1932,1,0,0,0,1,1
168,1936,8,0,0,0,1,2
168,1948,4,0,0,0,1,1
168,1952,8,0,0,0,1,2
168,1960,11,0,0,0,1,3
168,1964,1,0,0,0,1,1
168,1968,2,0,0,0,1,1
168,1972,5,0,0,0,1,2
168,1976,8,0,0,0,1,3
168,1984,8,0,0,0,1,5
168,1988,9,0,0,0,0.8889,7
168,1992,2,0,0,0,0.75,2
168,1996,3,0,0,0,0.75,3
168,2000,4,0,0,0,0.75,4
168,2004,3,0,0,0,0.6667,3
168,2008,5,0,0,0,0.8,5
168,2012,6,0,0,0,0.8333,6
168,2016,3,0,0,0,1,3
168,2020,6,0,0,0,0.5,5
168,2024,6,0,0,0,0.5,6
169,1980,14,0,0,0,0.8125,2
169,1984,9,0,0,0,0.8571,2
169,1988,8,0,0,0,0.6667,3
169,1992,6,0,0,0,0.4286,2
169,1996,3,1,0.3333,1,0.6667,3
169,2000,4,1,0.25,1,0.5,2
169,2004,4,0,0,0,0.5,2
169,2008,4,0,0,0,0.5,3
169,2012,6,0,0,0,0.6667,4
169,2016,6,0,0,0,0.875,4
169,2020,10,0,0,0,0.4,6
169,2024,7,0,0,0,0.4286,5
170,1984,4,0,0,0,0.8571,1
170,1988,8,0,0,0,0.8182,5
170,1992,13,0,0,0,0.4545,4
170,1996,26,0,0,0,0.75,6
170,2000,20,0,0,0,0.7692,8
170,2004,9,0,0,0,0.6667,5
170,2008,11,1,0.0909,1,0.5455,7
170,2012,11,0,0,0,0.3636,7
170,2016,11,0,0,0,0.4545,7
170,2020,8,0,0,0,0.75,6
170,2024,12,0,0,0,0.5833,7
171,1984,2,0,0,0,1,1
171,1988,6,0,0,0,1,2
171,1992,6,0,0,0,1,1
171,1996,4,0,0,0,1,1
171,2000,2,0,0,0,0.5,1
171,2004,2,0,0,0,0.5,1
171,2008,2,0,0,0,0.5,1
171,2012,2,0,0,0,0.5,1
171,2016,2,0,0,0,0.5,1
171,2020,2,0,0,0,0.5,1
171,2024,2,0,0,0,0.5,2
173,1948,4,0,0,0,1,3
173,1952,5,0,0,0,1,2
173,1956,11,0,0,0,1,4
173,1960,10,0,0,0,1,5
173,1964,11,0,0,0,1,5
173,1968,4,0,0,0,1,2
173,1972,17,0,0,0,1,4
173,1980,2,0,0,0,1,2
173,1984,1,0,0,0,1,1
173,1988,2,0,0,0,0,1
173,1992,4,0,0,0,0.2,2
173,1996,3,0,0,0,0.6667,2
173,2000,6,0,0,0,0.1429,3
173,2004,2,0,0,0,0,2
173,2008,6,0,0,0,0.7143,5
173,2012,6,0,0,0,0.5,5
173,2016,7,0,0,0,0.625,5
173,2020,2,0,0,0,0.5,2
173,2024,2,0,0,0,0.5,2
175,1992,6,1,0.1667,2,0.7,3
175,1996,8,1,0.125,2,0.7,4
175,2000,11,0,0,0,0.625,6
175,2004,8,0,0,0,0.9,5
175,2008,10,0,0,0,0.5455,4
175,2012,9,0,0,0,0.5556,5
175,2016,10,0,0,0,0.4545,4
175,2020,11,1,0.0909,1,0.4545,6
175,2024,4,0,0,0,0.5,4
176,1956,2,0,0,0,1,1
177,1968,11,0,0,0,1,3
177,1972,8,0,0,0,0.8,3
177,1976,15,0,0,0,1,6
177,1980,5,0,0,0,0.5,3
177,1984,5,0,0,0,1,2
177,1992,8,0,0,0,0.7778,6
177,1996,25,0,0,0,0.9643,5
177,2000,6,0,0,0,0.6667,5
177,2004,5,0,0,0,0.3333,3
177,2008,6,0,0,0,0.5714,4
177,2012,6,0,0,0,0.5,4
177,2016,5,0,0,0,0.6,4
177,2020,8,0,0,0,0.5,6
177,2024,7,0,0,0,0.1429,6
178,1900,35,23,0.6571,1.0615,1,7
178,1906,16,5,0.3125,1.2,1,2
178,1908,113,16,0.1416,1,1,11
178,1912,33,22,0.6667,1.2857,1,7
178,1920,130,48,0.3692,1.0794,0.9953,15
178,1924,177,26,0.1469,1.0312,0.939,17
178,1928,266,53,0.1992,1.0958,0.8568,17
178,1932,46,10,0.2174,1.3167,0.6875,9
178,1936,165,32,0.1939,1.2762,0.859,15
178,1948,149,37,0.2483,1.125,0.754,18
178,1952,104,17,0.1635,1.0667,0.5167,14
178,1956,1,0,0,0,1,1
178,1960,110,3,0.0273,1,0.5688,13
178,1964,125,29,0.232,1.05,0.8038,12
178,1968,107,14,0.1308,1,0.6929,11
178,1972,119,5,0.042,1.25,0.5729,16
178,1976,108,13,0.1204,1.25,0.5086,11
178,1980,75,6,0.08,1,0.7411,10
178,1984,135,36,0.2667,1.093,0.5405,15
178,1988,147,45,0.3061,1,0.5792,17
178,1992,201,32,0.1592,1.0156,0.5253,20
178,1996,238,69,0.2899,1.25,0.5586,19
178,2000,231,67,0.29,1.4356,0.6175,21
178,2004,210,71,0.3381,1.119,0.6023,22
178,2008,237,60,0.2532,1.0417,0.5654,20
178,2012,173,64,0.3699,1.1107,0.527,19
178,2016,237,46,0.1941,1.02,0.465,23
178,2020,282,65,0.2305,1.155,0.4015,31
178,2024,288,110,0.3819,1.0639,0.4232,32
179,1964,6,0,0,0,1,2
179,1972,2,0,0,0,1,1
179,1976,1,0,0,0,1,1
179,1980,10,0,0,0,1,3
179,1984,10,0,0,0,1,3
179,1988,16,0,0,0,0.85,5
179,1992,2,0,0,0,0.5,2
179,1996,6,0,0,0,0.5,4
179,2000,5,0,0,0,0.4,3
179,2004,6,0,0,0,0.5,4
179,2008,8,0,0,0,0.5,6
179,2012,5,0,0,0,0.4,3
179,2016,7,0,0,0,0.4286,5
179,2020,5,0,0,0,0.2,4
179,2024,7,0,0,0,0.4286,6
181,1904,1,0,0,0,1,1
183,1952,9,0,0,0,1,1
183,1956,10,0,0,0,1,1
183,1960,12,0,0,0,1,2
183,1964,18,1,0.0556,1,0.8947,2
183,1968,36,0,0,0,0.8043,3
183,1972,25,1,0.04,1,0.6944,2
183,1980,44,0,0,0,0.8214,5
183,1984,32,5,0.1562,1,0.9167,4
183,1988,69,0,0,0,0.8256,8
183,1992,55,11,0.2,1,0.5833,8
183,1996,65,23,0.3538,1.0556,0.6786,9
183,2000,83,8,0.0964,1,0.51,8
183,2004,70,8,0.1143,1,0.3671,10
183,2008,74,23,0.3108,1,0.4719,10
183,2012,49,0,0,0,0.5172,8
183,2016,71,18,0.2535,1,0.6364,10
183,2020,53,2,0.0377,1,0.4559,10
183,2024,86,0,0,0,0.301,12
184,1964,1,0,0,0,1,1
184,1968,2,0,0,0,1,1
184,1972,4,1,0.25,1,1,1
184,1984,4,0,0,0,1,2
184,1988,6,0,0,0,1,2
184,1992,3,0,0,0,1,1
184,1996,3,0,0,0,0.6667,1
184,2000,4,0,0,0,0.5,2
184,2004,4,0,0,0,0.75,3
184,2008,4,0,0,0,0.5,2
184,2012,6,0,0,0,0.6667,5
184,2016,6,1,0.1667,1,0.6667,4
184,2020,7,0,0,0,0.5714,4
184,2024,7,0,0,0,0.7143,5
186,1900,7,6,0.8571,1.3,1,2
186,1904,3,2,0.6667,1,1,2
186,1906,32,25,0.7812,1,1,3
186,1908,69,39,0.5652,1.2083,1,7
186,1912,190,80,0.4211,1,0.9886,14
186,1920,193,118,0.6114,1.1624,0.9775,16
186,1924,62,16,0.2581,1.375,0.9619,10
186,1928,52,9,0.1731,1,1,9
186,1932,7,0,0,0,0.875,4
186,1936,70,28,0.4,1,0.9643,12
186,1948,81,18,0.2222,1,0.9381,12
186,1952,102,13,0.1275,1,0.9,14
186,1956,22,3,0.1364,1,0.7931,6
186,1960,40,2,0.05,1,0.98,11
186,1964,26,0,0,0,0.9302,6
186,1968,46,6,0.1304,1,0.5465,11
186,1972,112,8,0.0714,1,0.7391,15
186,1976,66,6,0.0909,1,0.9241,11
186,1984,103,4,0.0388,1,0.7955,17
186,1988,69,22,0.3188,1,0.6329,11
186,1992,83,22,0.2651,1.1667,0.6316,17
186,1996,97,22,0.2268,1.2,0.4655,16
186,2000,93,42,0.4516,1.125,0.5304,15
186,2004,52,6,0.1154,1.1,0.7,12
186,2008,84,22,0.2619,1,0.4216,15
186,2012,61,17,0.2787,1,0.5362,15
186,2016,62,19,0.3065,1,0.5195,13
186,2020,93,23,0.2473,1,0.6339,18
186,2024,109,23,0.211,1,0.5156,21
187,1996,3,0,0,0,1,1
187,2000,2,0,0,0,0.5,1
187,2004,3,0,0,0,0.6667,1
187,2008,1,0,0,0,1,1
187,2012,2,0,0,0,1,2
187,2016,2,0,0,0,1,2
187,2020,2,0,0,0,0.5,2
187,2024,1,0,0,0,1,1
188,1900,1,1,1,1,1,1
188,1920,4,1,0.25,1,0.6667,3
188,1924,4,1,0.25,1,0.6667,3
188,1928,9,1,0.1111,1,0.6154,3
188,1932,21,2,0.0952,1,0.9655,4
188,1936,7,1,0.1429,1,1,3
188,1948,7,0,0,0,0.875,5
188,1952,14,3,0.2143,1,0.8,5
188,1956,51,3,0.0588,1,0.807,9
188,1960,37,3,0.0811,1,0.8723,9
188,1964,63,5,0.0794,1.1667,0.7386,11
188,1968,52,7,0.1346,1,0.7846,8
188,1972,89,14,0.1573,1,0.8482,14
188,1976,80,25,0.3125,1,0.8061,13
188,1980,4,0,0,0,1,2
188,1984,130,19,0.1462,1.2,0.7469,18
188,1988,83,20,0.241,1.35,0.8214,16
188,1992,134,14,0.1045,1.0417,0.7257,17
188,1996,95,7,0.0737,1.4,0.6512,15
188,2000,147,4,0.0272,1,0.5254,18
188,2004,148,6,0.0405,1,0.5543,18
188,2008,178,14,0.0787,1.04,0.5572,17
188,2012,178,27,0.1517,1,0.5392,16
188,2016,195,35,0.1795,1.0625,0.5086,20
188,2020,228,61,0.2675,1.0996,0.5125,26
188,2024,208,45,0.2163,1.1204,0.4862,27
190,1984,15,0,0,0,1,3
190,1988,8,0,0,0,1,3
190,1992,5,0,0,0,1,2
190,1996,4,0,0,0,1,4
190,2000,6,0,0,0,1,3
190,2004,2,0,0,0,1,2
190,2008,4,0,0,0,0.75,3
190,2012,3,0,0,0,0.6667,2
190,2016,4,0,0,0,0.5,2
190,2020,4,0,0,0,0.8,3
190,2024,4,0,0,0,0.75,3
191,1948,32,0,0,0,1,6
191,1952,35,0,0,0,1,7
191,1956,53,14,0.2642,1,1,8
191,1960,43,14,0.3256,1,1,7
191,1964,41,16,0.3902,1,1,7
191,1968,15,13,0.8667,1,1,2
191,1972,24,14,0.5833,1.0714,1,5
191,1976,24,16,0.6667,1,1,5
191,1984,31,16,0.5161,1,1,5
191,1988,30,1,0.0333,1,1,6
191,1992,27,16,0.5926,1,1,5
191,1996,24,0,0,0,0.9583,5
191,2000,26,0,0,0,0.963,6
191,2004,26,0,0,0,0.9231,5
191,2008,21,0,0,0,0.9091,4
191,2012,20,0,0,0,0.9048,4
191,2016,7,0,0,0,0.5714,4
191,2020,10,0,0,0,0.7,6
191,2024,7,1,0.1429,1,0.5,3
192,1928,1,0,0,0,1,1
192,1948,1,1,1,2,1,1
192,1952,1,0,0,0,1,1
192,1960,6,0,0,0,0.25,3
192,1964,10,0,0,0,0.4,5
192,1968,16,0,0,0,1,3
192,1972,7,0,0,0,1,4
192,1976,8,0,0,0,0.7692,5
192,1984,8,0,0,0,0.9,5
192,1988,6,0,0,0,1,3
192,1992,5,0,0,0,1,4
192,1996,7,0,0,0,0.7778,6
192,2000,6,0,0,0,0.5714,5
192,2004,4,0,0,0,0.6,2
192,2008,5,1,0.2,1,0.6,3
192,2012,8,0,0,0,0.75,5
192,2016,10,0,0,0,0.3571,7
192,2020,10,0,0,0,0.4545,5
192,2024,8,1,0.125,1,0.2308,6
193,1968,1,0,0,0,1,1
193,1972,3,0,0,0,1,2
193,1976,4,0,0,0,1,4
193,1984,14,0,0,0,1,4
193,1988,10,0,0,0,1,5
193,1992,27,0,0,0,0.9032,6
193,1996,7,0,0,0,0.8571,5
193,2000,5,0,0,0,0.4,3
193,2004,21,16,0.7619,1.0625,0.9091,4
193,2008,7,0,0,0,0.4286,5
193,2012,8,0,0,0,0.6,6
193,2016,11,0,0,0,0.5455,7
193,2020,8,0,0,0,0.4444,6
193,2024,29,0,0,0,0.7931,7
194,1900,1,0,0,0,1,1
194,1932,2,0,0,0,1,1
194,1936,40,0,0,0,1,8
194,1948,41,1,0.0244,1,1,7
194,1956,8,0,0,0,1,1
194,1960,31,0,0,0,1,3
194,1964,31,0,0,0,0.975,5
194,1968,28,0,0,0,0.5152,8
194,1972,20,0,0,0,0.871,7
194,1976,13,0,0,0,0,2
194,1980,28,0,0,0,0.4737,5
194,1984,35,1,0.0286,1,0.5682,10
194,1988,21,12,0.5714,1,0.4231,7
194,1992,16,1,0.0625,1,0.7143,9
194,1996,29,0,0,0,0.4848,8
194,2000,21,0,0,0,0.4091,7
194,2004,12,0,0,0,0.6429,10
194,2008,13,0,0,0,0.5385,10
194,2012,16,0,0,0,0.5625,9
194,2016,28,0,0,0,0.5588,11
194,2020,35,0,0,0,0.5,17
194,2024,26,1,0.0385,1,0.375,10
195,1924,1,0,0,0,1,1
195,1928,4,1,0.25,1,1,2
195,1932,8,3,0.375,1,1,3
195,1936,28,1,0.0357,1,1,6
195,1948,26,0,0,0,1,8
195,1952,25,0,0,0,1,7
195,1956,39,0,0,0,0.8958,7
195,1960,40,0,0,0,0.898,7
195,1964,47,1,0.0213,1,0.8,10
195,1968,49,0,0,0,0.8876,10
195,1972,53,0,0,0,0.8861,11
195,1976,14,0,0,0,0.8636,6
195,1984,19,0,0,0,0.75,6
195,1988,31,1,0.0323,1,0.8333,11
195,1992,26,1,0.0385,1,0.8684,9
195,1996,12,1,0.0833,1,0.6111,6
195,2000,20,0,0,0,0.5455,9
195,2004,16,0,0,0,0.7619,6
195,2008,15,0,0,0,0.6471,8
195,2012,11,0,0,0,0.6364,8
195,2016,13,1,0.0769,1,0.5385,8
195,2020,19,4,0.2105,1,0.5926,11
195,2024,22,3,0.1364,1.5,0.3182,9
196,1996,1,0,0,0,1,1
196,2000,2,0,0,0,0.5,2
196,2004,3,0,0,0,0.6667,2
196,2008,4,0,0,0,0.5,2
196,2012,5,0,0,0,0.6,3
196,2016,6,0,0,0,0.6667,4
196,2020,5,0,0,0,0.6,4
196,2024,8,0,0,0,0.75,6
197,2000,5,0,0,0,0.4,3
197,2004,4,0,0,0,0.5,3
197,2008,5,0,0,0,0.6,3
197,2012,5,0,0,0,0.4,4
197,2016,5,0,0,0,0.5,4
197,2020,3,0,0,0,0.6667,2
197,2024,3,0,0,0,0.3333,2
198,1976,6,0,0,0,1,3
198,1984,7,0,0,0,0.5833,2
198,1988,11,0,0,0,0.8,4
198,1992,13,0,0,0,0.8421,4
198,1996,11,0,0,0,1,3
198,2000,5,0,0,0,0.4,3
198,2004,4,0,0,0,0.6667,3
198,2008,7,0,0,0,0.5556,5
198,2012,8,0,0,0,0.5,5
198,2016,8,0,0,0,0.75,6
198,2020,8,0,0,0,0.5,5
198,2024,7,0,0,0,0.7143,5
199,1912,1,0,0,0,1,1
199,1924,65,5,0.0769,1,0.99,10
199,1928,93,19,0.2043,1.04,0.9041,11
199,1932,51,18,0.3529,1.1071,0.831,4
199,1936,144,12,0.0833,1,0.8927,15
199,1948,38,2,0.0526,1,0.8654,5
199,1952,125,4,0.032,1,0.7016,11
199,1956,64,18,0.2812,1.0278,0.5085,9
199,1960,185,30,0.1622,1,0.7752,17
199,1964,139,41,0.295,1.1,0.7417,12
199,1968,177,36,0.2034,1.1429,0.7399,16
199,1972,290,45,0.1552,1.0182,0.8134,22
199,1976,207,72,0.3478,1.0208,0.8916,18
199,1980,305,49,0.1607,1.025,0.7057,21
199,1988,143,19,0.1329,1.0833,0.75,19
199,1992,201,45,0.2239,1.0278,0.7262,21
199,1996,165,21,0.1273,1.0556,0.744,20
199,2000,187,23,0.123,1.0476,0.6708,20
199,2004,194,10,0.0515,1.2857,0.6786,21
199,2008,257,20,0.0778,1,0.5728,23
199,2012,210,12,0.0571,1,0.5664,24
199,2016,234,16,0.0684,1,0.5675,24
199,2020,218,30,0.1376,1.1421,0.5035,28
199,2024,226,28,0.1239,1,0.4295,28
200,1912,6,0,0,0,1,3
200,1920,13,0,0,0,1,2
200,1924,28,4,0.1429,1,1,8
200,1928,31,6,0.1935,1,1,7
200,1932,6,0,0,0,1,3
200,1936,19,3,0.1579,1,1,5
200,1948,48,5,0.1042,1,1,8
200,1952,71,2,0.0282,1,0.9032,10
200,1956,12,0,0,0,1,2
200,1960,65,2,0.0308,1,0.844,11
200,1964,20,0,0,0,0.8,7
200,1968,20,0,0,0,0.8485,6
200,1972,29,0,0,0,1,8
200,1976,19,2,0.1053,1,1,6
200,1980,11,0,0,0,0.7222,6
200,1984,38,3,0.0789,1,0.7708,11
200,1988,65,1,0.0154,1,0.8352,14
200,1992,90,0,0,0,0.7478,14
200,1996,106,3,0.0283,1,0.7023,18
200,2000,61,2,0.0328,1,0.7969,13
200,2004,80,3,0.0375,1,0.8065,16
200,2008,77,2,0.026,1,0.6667,16
200,2012,76,2,0.0263,1,0.5714,14
200,2016,90,1,0.0111,1,0.6792,17
200,2020,93,4,0.043,1,0.6018,22
200,2024,75,4,0.0533,1.1667,0.5263,19
202,1972,37,15,0.4054,1,0.8313,10
202,1976,38,2,0.0526,1,0.95,8
202,1980,47,5,0.1064,1,0.686,8
202,1992,64,9,0.1406,1.1,0.4797,12
202,1996,24,5,0.2083,1,0.6389,9
202,2000,31,4,0.129,1,0.4468,10
202,2004,36,5,0.1389,1,0.2817,9
202,2008,58,6,0.1034,1,0.3333,12
202,2012,51,6,0.1176,1,0.2982,11
202,2016,30,7,0.2333,1,0.3421,9
202,2024,14,7,0.5,1.125,0.2222,7
205,1948,9,1,0.1111,1,1,3
205,1952,21,0,0,0,1,4
205,1956,10,0,0,0,1,2
205,1960,27,0,0,0,0.9655,6
205,1964,32,0,0,0,0.8222,8
205,1968,58,0,0,0,0.8182,10
205,1972,53,0,0,0,1,10
205,1976,80,1,0.0125,1,0.8214,12
205,1980,3,0,0,0,1,1
205,1984,51,2,0.0392,1,0.8276,13
205,1988,47,0,0,0,0.875,12
205,1992,69,1,0.0145,1,0.9109,12
205,1996,69,1,0.0145,1,0.6923,16
205,2000,29,0,0,0,0.8158,10
205,2004,43,0,0,0,0.75,15
205,2008,22,0,0,0,0.7742,8
205,2012,25,2,0.08,1,0.6786,8
205,2016,40,1,0.025,1,0.3171,15
205,2020,37,1,0.027,1,0.359,15
205,2024,51,2,0.0392,1,0.5283,13
206,1984,24,0,0,0,1,3
206,1988,10,0,0,0,1,3
206,1992,28,1,0.0357,1,1,2
206,1996,12,0,0,0,1,4
206,2000,17,1,0.0588,1,1,5
206,2004,15,0,0,0,1,4
206,2008,20,0,0,0,1,6
206,2012,12,2,0.1667,1,0.6429,4
206,2016,37,1,0.027,1,0.9524,10
206,2020,16,4,0.25,1,0.8235,7
206,2024,13,1,0.0769,1,0.9231,5
207,1960,10,0,0,0,0.9167,5
208,2020,341,130,0.3812,1.1242,0.4742,38
209,2016,10,0,0,0,0.5833,3
210,1900,1,0,0,0,1,1
210,1924,35,16,0.4571,1,1,4
210,1928,21,0,0,0,0.9394,2
210,1932,1,0,0,0,1,1
210,1936,54,1,0.0185,1,0.9831,9
210,1952,114,4,0.0351,1,0.7469,15
210,1956,50,17,0.34,1.0833,0.5437,11
210,1960,98,15,0.1531,1,0.6859,13
210,1964,138,14,0.1014,1.0714,0.7241,13
210,1968,82,23,0.2805,1,0.79,9
210,1972,159,39,0.2453,1.0156,0.7519,16
210,1976,157,48,0.3057,1.1321,0.6353,11
210,1980,226,60,0.2655,1.1389,0.649,20
210,1984,124,94,0.7581,1.1337,0.4974,13
210,1988,68,38,0.5588,1.43,0.4826,10
210,1992,173,42,0.2428,1.117,0.5523,18
210,1996,165,30,0.1818,1.1726,0.5669,18
210,2000,145,35,0.2414,1.2596,0.4921,16
210,2004,108,29,0.2685,1.1697,0.4922,16
210,2008,101,19,0.1881,1.0778,0.4884,16
210,2012,105,14,0.1333,1.08,0.529,15
210,2016,95,16,0.1684,1,0.3802,15
210,2020,104,9,0.0865,1,0.5546,18
210,2024,96,16,0.1667,1.3269,0.3819,18
211,1904,8,0,0,0,1,2
211,1908,14,2,0.1429,1,1,4
211,1912,21,5,0.2381,1.3333,1,6
211,1920,39,16,0.4103,1.25,0.9794,7
211,1924,30,3,0.1,1,1,7
211,1928,24,6,0.25,1,0.7,7
211,1932,12,5,0.4167,1,0.75,4
211,1936,32,1,0.0312,1,0.7778,6
211,1948,35,6,0.1714,1,0.9535,10
211,1952,64,12,0.1875,1.1,0.9174,13
211,1956,50,7,0.14,1,0.8556,10
211,1960,55,3,0.0545,1,0.9167,12
211,1992,93,3,0.0323,1,0.6809,19
211,1996,84,4,0.0476,1.25,0.6667,14
211,2000,127,5,0.0394,1,0.6957,17
211,2004,106,8,0.0755,1.1667,0.6172,20
211,2008,134,1,0.0075,1,0.5531,20
211,2012,124,8,0.0645,1.125,0.5793,17
211,2016,135,22,0.163,1.1,0.7032,15
211,2020,181,2,0.011,1.5,0.6209,23
211,2024,141,20,0.1418,1.25,0.559,24
212,1900,4,0,0,0,1,2
212,1908,6,3,0.5,1,1,3
212,1912,159,14,0.0881,1,1,15
212,1924,3,0,0,0,0.6667,1
212,1996,389,97,0.2494,1.1049,0.5779,25
212,2000,434,168,0.3871,1.0906,0.5532,30
212,2004,445,177,0.3978,1.0953,0.5531,29
212,2008,452,134,0.2965,1.094,0.525,29
212,2012,427,129,0.3021,1.1384,0.4845,30
212,2016,284,103,0.3627,1.0781,0.5,29
213,1984,3,0,0,0,0.6667,1
213,1988,6,0,0,0,0.5,1
213,1992,10,0,0,0,0.7,2
213,1996,4,0,0,0,1,1
213,2000,5,0,0,0,0.6,2
213,2004,5,0,0,0,0.6,2
213,2008,4,0,0,0,0.5,2
213,2012,7,0,0,0,0.7143,4
213,2016,7,0,0,0,0.5714,3
213,2020,5,0,0,0,0.6,3
213,2024,7,0,0,0,0.375,4
214,1952,36,0,0,0,0.9247,9
215,1984,8,0,0,0,1,3
215,1988,11,0,0,0,1,4
215,1992,5,0,0,0,1,2
215,1996,5,0,0,0,0.8,3
215,2000,5,0,0,0,0.8,5
215,2004,3,0,0,0,0.6667,2
215,2008,6,0,0,0,0.7143,5
215,2012,8,0,0,0,0.6667,6
215,2016,8,0,0,0,0.5556,5
215,2020,8,0,0,0,0.8462,5
215,2024,24,0,0,0,0.8333,9
217,1996,68,25,0.3676,1.3333,0.8228,13
217,2000,109,25,0.2294,1,0.792,14
217,2004,85,13,0.1529,1,0.9062,14
219,1964,12,0,0,0,1,1
219,1968,21,0,0,0,1,2
219,1972,38,0,0,0,1,5
219,1976,21,0,0,0,0.9091,4
219,1980,32,0,0,0,0.8974,4
219,1984,24,0,0,0,0.9655,5
219,1988,23,1,0.0435,1,0.9714,4
219,1992,20,0,0,0,0.92,4
219,1996,11,0,0,0,1,3
219,2000,26,0,0,0,0.2812,6
219,2004,15,0,0,0,0.381,6
219,2008,15,0,0,0,0.5882,7
219,2012,31,0,0,0,0.7812,8
219,2016,22,0,0,0,0.2727,8
219,2020,9,0,0,0,0.6667,8
219,2024,11,0,0,0,0.6923,8
220,1980,11,0,0,0,0.8095,2
220,1984,9,0,0,0,0.8,2
220,1992,11,0,0,0,0.8571,4
220,1996,9,0,0,0,0.8889,5
220,2000,9,0,0,0,0.6667,5
220,2004,9,0,0,0,0.8,7
220,2008,9,0,0,0,0.7,6
220,2012,6,0,0,0,0.6667,4
220,2016,10,0,0,0,0.8,6
220,2020,5,0,0,0,0.6667,4
220,2024,3,0,0,0,0.6667,2
221,1948,1,0,0,0,1,1
221,1952,5,0,0,0,0.7143,3
221,1956,48,0,0,0,0.9423,6
221,1960,5,1,0.2,1,1,3
221,1968,4,0,0,0,1,3
221,1972,7,0,0,0,0.75,3
221,1976,4,0,0,0,0.75,4
221,1984,5,0,0,0,1,2
221,1988,8,0,0,0,0.963,3
221,1992,14,0,0,0,0.6216,6
221,1996,13,0,0,0,0.7143,6
221,2000,14,0,0,0,0.4348,4
221,2004,16,0,0,0,0.3182,6
221,2008,25,3,0.12,1,0.3611,6
221,2012,23,3,0.1304,1.3333,0.3333,9
221,2016,24,1,0.0417,1,0.375,7
221,2020,22,0,0,0,0.3,12
221,2024,23,1,0.0435,1,0.25,11
222,1996,10,0,0,0,0.3571,1
222,2000,2,0,0,0,0.5,1
222,2004,2,0,0,0,0.5,1
222,2008,4,0,0,0,0.3333,1
222,2012,4,0,0,0,1,1
222,2016,6,0,0,0,0.8889,1
222,2020,2,0,0,0,0.5,1
222,2024,3,0,0,0,0.6667,2
223,1968,3,0,0,0,1,2
223,1980,14,0,0,0,0.7812,2
223,1984,7,0,0,0,0.9,2
223,1988,12,0,0,0,0.95,4
223,1992,11,0,0,0,0.6667,1
223,1996,14,0,0,0,0.6316,3
223,2000,3,0,0,0,0.6667,2
223,2004,2,0,0,0,0.5,1
223,2008,3,0,0,0,0.6667,2
223,2012,2,0,0,0,0.5,1
223,2016,4,0,0,0,0.5,2
223,2020,4,0,0,0,0.5,3
223,2024,4,0,0,0,0.25,3
224,1992,35,6,0.1714,1,0.8511,12
224,1996,37,2,0.0541,1,0.7021,8
224,2000,74,3,0.0405,1,0.7111,13
224,2004,79,5,0.0633,1,0.6569,10
224,2008,61,5,0.082,1,0.6301,11
224,2012,65,5,0.0769,1,0.3846,15
224,2016,63,4,0.0635,1,0.5857,12
224,2020,53,5,0.0943,1,0.5,17
224,2024,94,3,0.0319,1,0.4615,17
226,1960,9,0,0,0,1,3
226,1968,4,0,0,0,1,2
226,1972,7,0,0,0,1,2
226,1976,10,0,0,0,0.8,3
226,1980,16,0,0,0,1,5
226,1984,19,0,0,0,0.9032,7
226,1988,11,0,0,0,1,6
226,1992,17,0,0,0,0.95,7
226,1996,7,0,0,0,0.8571,6
226,2000,4,0,0,0,0.75,3
226,2004,5,0,0,0,0.8,3
226,2008,4,0,0,0,0.5,3
226,2012,4,0,0,0,0.25,4
226,2016,4,0,0,0,0.5,2
226,2020,5,3,0.6,1.25,0.5,4
226,2024,5,0,0,0,0.4,5
227,1984,3,0,0,0,1,2
227,1988,4,0,0,0,1,4
227,1992,1,0,0,0,1,1
227,1996,4,0,0,0,0.75,2
227,2000,2,0,0,0,0.5,1
227,2004,2,0,0,0,0.5,1
227,2008,3,0,0,0,0.3333,2
227,2012,4,0,0,0,0.5,3
227,2016,3,0,0,0,0.3333,2
227,2020,3,0,0,0,0.3333,3
227,2024,2,0,0,0,0,2
228,1972,3,0,0,0,1,1
228,1984,7,0,0,0,1,1
228,1988,5,0,0,0,1,1
228,1996,4,0,0,0,1,1
228,2000,2,0,0,0,0.5,1
228,2004,2,0,0,0,0.5,1
228,2008,2,0,0,0,0.5,1
228,2012,2,0,0,0,0.5,1
228,2016,2,0,0,0,0.5,1
228,2020,2,0,0,0,0.5,2
228,2024,1,0,0,0,1,1
229,1912,2,0,0,0,1,1
229,2008,87,15,0.1724,1,0.7216,11
229,2012,116,16,0.1379,1,0.6866,15
229,2016,103,54,0.5243,1,0.5512,14
229,2020,87,35,0.4023,1,0.5,16
229,2024,114,29,0.2544,1,0.6296,16
230,1948,7,1,0.1429,1,1,2
230,1952,5,0,0,0,1,4
230,1956,3,0,0,0,1,2
230,1960,5,0,0,0,1,4
230,1964,6,0,0,0,1,4
230,1968,3,0,0,0,1,3
230,1972,4,0,0,0,1,2
230,1980,4,0,0,0,1,1
230,1984,4,0,0,0,1,3
230,1988,6,0,0,0,0.5556,3
230,1992,11,0,0,0,0.5,5
230,1996,9,0,0,0,0.4545,3
230,2000,18,1,0.0556,1,0.4583,4
230,2004,7,0,0,0,0.5,3
230,2008,8,0,0,0,0.5556,6
230,2012,7,0,0,0,0.625,4
230,2016,9,0,0,0,0.8,6
230,2020,9,0,0,0,0.3077,7
230,2024,6,0,0,0,0.5,3
231,2016,3,0,0,0,0.6667,1
231,2020,2,0,0,0,0.5,1
231,2024,14,0,0,0,0.9286,2
232,1996,2,0,0,0,0.5,1
232,2000,2,0,0,0,0.5,1
232,2004,2,0,0,0,0.5,1
232,2008,3,0,0,0,0.75,2
232,2012,2,0,0,0,0.5,1
232,2016,3,0,0,0,0.6667,2
232,2020,3,0,0,0,0.8,2
232,2024,3,0,0,0,0.3333,3
233,1960,10,0,0,0,1,4
233,1968,5,0,0,0,1,2
233,1972,26,0,0,0,1,4
233,1984,7,0,0,0,1,2
233,1988,8,0,0,0,1,2
233,1992,6,0,0,0,1,3
233,1996,4,0,0,0,1,2
233,2000,3,0,0,0,0.6667,2
233,2004,4,0,0,0,0.75,1
233,2008,9,1,0.1111,1,0.5556,2
233,2012,6,0,0,0,0.6667,2
233,2016,6,0,0,0,0.6667,3
233,2020,5,0,0,0,0.6,4
233,2024,4,0,0,0,0.75,3
234,1896,3,1,0.3333,3,1,2
234,1900,18,11,0.6111,1.9375,0.9423,4
234,1904,3,2,0.6667,1.5,1,2
234,1906,9,5,0.5556,2.4,1,3
234,1908,1,0,0,0,1,1
234,1912,7,2,0.2857,1,1,2
234,1920,77,23,0.2987,1.1364,1,13
234,1924,141,48,0.3404,1.1818,0.9809,16
234,1928,133,22,0.1654,1.2,0.9958,14
234,1932,7,1,0.1429,1,1,4
234,1936,190,39,0.2053,1.2562,0.9817,21
234,1948,186,27,0.1452,1.1667,0.9652,19
234,1952,157,26,0.1656,1.1528,0.9522,17
234,1956,9,3,0.3333,1,1,1
234,1960,149,11,0.0738,1.05,0.991,16
234,1964,66,5,0.0758,1.1111,0.9845,13
234,1968,85,13,0.1529,1,0.9484,12
234,1972,151,8,0.053,1,0.7132,17
234,1976,50,9,0.18,1.1111,0.9505,12
234,1980,73,2,0.0274,1,0.8953,10
234,1984,129,12,0.093,1.0417,0.7184,18
234,1988,99,7,0.0707,1.0833,0.755,17
234,1992,102,1,0.0098,1,0.7485,17
234,1996,115,11,0.0957,1,0.593,17
234,2000,102,13,0.1275,1.0556,0.6014,19
234,2004,98,7,0.0714,1,0.5797,19
234,2008,83,10,0.1205,1.0833,0.5862,20
234,2012,98,4,0.0408,1,0.7063,19
234,2016,102,11,0.1078,1,0.5987,17
234,2020,116,13,0.1121,1.2143,0.5918,25
234,2024,137,10,0.073,1,0.5963,22
235,1968,1,0,0,0,1,1
235,1972,2,0,0,0,1,2
235,1976,3,0,0,0,1,2
235,1984,5,0,0,0,1,3
235,1988,6,1,0.1667,1,0.6,4
235,1992,6,1,0.1667,1,0.7778,3
235,1996,7,0,0,0,0.5455,3
235,2000,4,0,0,0,0.4,2
235,2004,4,0,0,0,0.5,2
235,2008,4,0,0,0,0.5,2
235,2012,5,0,0,0,0.6,3
235,2016,6,0,0,0,0.6667,4
235,2020,3,0,0,0,1,3
235,2024,5,0,0,0,0.8333,4
236,1996,71,3,0.0423,1,0.7245,14
236,2000,108,5,0.0463,1.5,0.7273,16
236,2004,64,10,0.1562,1,0.6905,14
236,2008,57,10,0.1754,1,0.5821,14
236,2012,47,5,0.1064,1,0.5385,11
236,2016,51,8,0.1569,1,0.619,12
236,2020,41,7,0.1707,1,0.625,14
236,2024,28,1,0.0357,1,0.4737,13
238,1896,1,0,0,0,1,1
238,1900,10,4,0.4,1,1,4
238,1906,38,16,0.4211,1.1905,1,7
238,1908,164,76,0.4634,1.0508,0.9891,14
238,1912,434,156,0.3594,1.1711,0.9468,16
238,1920,256,131,0.5117,1.1931,0.9431,18
238,1924,157,62,0.3949,1.1476,0.8984,15
238,1928,100,33,0.33,1.1759,0.8705,11
238,1932,81,29,0.358,1.0772,0.9609,12
238,1936,169,34,0.2012,1.1111,0.9394,17
238,1948,180,72,0.4,1.0431,0.8879,18
238,1952,205,66,0.322,1.0722,0.7746,17
238,1956,97,31,0.3196,1.1548,0.6989,15
238,1960,133,6,0.0451,1.125,0.7868,15
238,1964,94,15,0.1596,1,0.6971,13
238,1968,100,8,0.08,1.0833,0.8065,13
238,1972,131,19,0.145,1.2727,0.7312,18
238,1976,116,10,0.0862,1,0.8037,16
238,1980,144,20,0.1389,1,0.7761,18
238,1984,172,27,0.157,1.1146,0.7283,19
238,1988,182,14,0.0769,1.0556,0.7689,23
238,1992,186,32,0.172,1.0918,0.7302,22
238,1996,177,30,0.1695,1.0286,0.6009,22
238,2000,150,30,0.2,1.0357,0.6212,22
238,2004,114,12,0.1053,1,0.5223,20
238,2008,123,7,0.0569,1,0.426,20
238,2012,133,22,0.1654,1,0.3929,21
238,2016,150,26,0.1733,1.2857,0.3978,22
238,2020,136,33,0.2426,1.05,0.4162,23
238,2024,125,14,0.112,1.1667,0.4624,21
239,1972,2,0,0,0,1,2
239,1984,8,0,0,0,1,4
239,1988,11,0,0,0,1,4
239,1992,6,0,0,0,1,2
239,1996,6,0,0,0,0.8333,3
239,2000,6,0,0,0,0.6667,4
239,2004,3,0,0,0,0.6667,2
239,2008,4,0,0,0,0.5,2
239,2012,3,0,0,0,0.6667,2
239,2016,2,0,0,0,0.5,1
239,2020,4,0,0,0,0.75,3
239,2024,3,0,0,0,0.6667,2
240,1948,1,0,0,0,1,1
240,1968,2,0,0,0,1,1
240,1972,5,0,0,0,0.8,3
240,1980,67,0,0,0,0.9577,7
240,1984,9,1,0.1111,1,1,5
240,1988,13,0,0,0,1,4
240,1992,8,0,0,0,0.8889,4
240,1996,7,1,0.1429,1,0.875,5
240,2000,8,0,0,0,0.75,4
240,2004,6,1,0.1667,1,0.8333,5
240,2008,7,0,0,0,0.8571,5
240,2012,10,0,0,0,0.6,7
240,2016,7,0,0,0,0.5714,5
240,2020,6,1,0.1667,1,0.8333,6
240,2024,6,0,0,0,0.9,6
241,1964,4,0,0,0,1,1
241,1968,4,0,0,0,1,2
241,1972,15,0,0,0,1,2
241,1980,41,2,0.0488,1,0.8333,3
241,1984,18,0,0,0,0.8571,2
241,1988,10,0,0,0,1,2
241,1992,9,0,0,0,1,2
241,1996,7,0,0,0,0.8571,2
241,2000,4,0,0,0,0.75,1
241,2004,8,0,0,0,0.7778,1
241,2008,9,0,0,0,0.7778,2
241,2012,6,0,0,0,0.6667,3
241,2016,7,0,0,0,0.7143,3
241,2020,3,0,0,0,0.6667,1
241,2024,7,0,0,0,0.5714,3
242,1920,119,10,0.084,1,0.9945,13
242,1924,133,6,0.0451,1.4,0.9835,16
242,1928,69,12,0.1739,1.1,0.9932,14
242,1932,25,6,0.24,1,1,4
242,1936,189,18,0.0952,1,0.942,17
242,1948,87,18,0.2069,1.275,0.902,11
242,1952,99,23,0.2323,1.1111,0.7202,11
242,1956,63,6,0.0952,1.125,0.6957,10
242,1960,116,21,0.181,1.0333,0.7574,13
242,1964,104,51,0.4904,1.0556,0.7861,13
242,1968,121,24,0.1983,1.1389,0.7044,14
242,1972,181,28,0.1547,1.0238,0.7409,17
242,1976,163,14,0.0859,1.0556,0.7251,16
242,1980,209,51,0.244,1,0.7476,21
242,1988,163,9,0.0552,1.0625,0.5973,17
242,1992,208,8,0.0385,1,0.6654,25
243,1984,7,0,0,0,1,1
243,1988,5,0,0,0,0.7143,2
243,1992,5,0,0,0,1,2
243,1996,5,1,0.2,1,0.8,3
243,2000,3,0,0,0,0.6667,2
243,2004,5,0,0,0,0.8,4
243,2008,3,0,0,0,0.6667,2
243,2012,3,0,0,0,0.6667,2
243,2016,7,0,0,0,0.5714,4
243,2020,6,0,0,0,0.5,4
243,2024,4,0,0,0,0.5,3
245,1952,8,0,0,0,1,1
245,1956,35,0,0,0,1,5
245,1960,20,0,0,0,1,4
245,1964,54,0,0,0,0.8507,8
245,1968,41,0,0,0,1,6
245,1972,33,0,0,0,1,7
245,1976,42,1,0.0238,1,0.8871,11
245,1984,35,1,0.0286,1,0.725,5
245,1988,14,1,0.0714,1,0.8667,4
245,1992,46,1,0.0217,1,0.4531,9
245,1996,37,2,0.0541,1,0.6552,10
245,2000,52,3,0.0577,1,0.6176,11
245,2004,42,8,0.1905,1,0.5882,13
245,2008,47,4,0.0851,1,0.434,12
245,2012,37,3,0.0811,1,0.5116,15
245,2016,54,6,0.1111,1,0.4828,15
245,2020,41,2,0.0488,1,0.375,15
245,2024,52,6,0.1154,1,0.431,18
246,1996,8,0,0,0,0.75,5
246,2000,4,0,0,0,0.5,2
246,2004,9,0,0,0,0.5556,5
246,2008,15,2,0.1333,1,0.8125,8
246,2012,16,1,0.0625,1,0.8125,7
246,2016,7,1,0.1429,1,0.7143,4
246,2020,10,0,0,0,0.9,4
246,2024,14,3,0.2143,1,0.7857,6
247,1996,7,0,0,0,0.5714,6
247,2000,8,0,0,0,0.5,6
247,2004,9,0,0,0,0.7,6
247,2008,10,0,0,0,0.6,6
247,2012,10,0,0,0,0.7,5
247,2016,9,0,0,0,0.4444,5
247,2020,9,1,0.1111,1,0.6,4
247,2024,6,0,0,0,0.5,4
248,2004,2,0,0,0,0.5,1
248,2008,1,0,0,0,0,1
248,2012,2,0,0,0,0.5,1
248,2016,3,0,0,0,0.3333,2
248,2020,3,0,0,0,0.6667,2
248,2024,4,0,0,0,0.5,3
249,1972,7,0,0,0,1,3
249,1984,6,0,0,0,1,2
249,1988,6,0,0,0,1,2
249,1992,6,0,0,0,1,2
249,1996,5,0,0,0,1,1
249,2000,3,0,0,0,0.6667,2
249,2004,3,0,0,0,0.6667,2
249,2008,4,1,0.25,1,0.75,4
249,2012,6,0,0,0,0.6667,5
249,2016,5,0,0,0,0.4,3
249,2020,4,0,0,0,0.75,4
249,2024,5,0,0,0,0.4,4
251,1956,20,0,0,0,1,5
251,1960,27,1,0.037,1,0.871,6
251,1964,40,0,0,0,0.8958,7
251,1968,43,1,0.0233,1,0.6667,8
251,1972,21,0,0,0,0.6591,10
251,1984,38,1,0.0263,1,0.75,12
251,1988,61,0,0,0,0.5935,13
251,1992,31,20,0.6452,1,0.6842,7
251,1996,74,1,0.0135,1,0.3832,14
251,2000,55,5,0.0909,1,0.44,14
251,2004,88,9,0.1023,1,0.5481,14
251,2008,79,4,0.0506,1,0.5217,15
251,2012,44,2,0.0455,1,0.4,14
251,2016,55,5,0.0909,1,0.4627,18
251,2020,68,16,0.2353,1,0.6068,18
251,2024,60,8,0.1333,1,0.4487,17
252,1948,5,1,0.2,1,1,3
252,1952,2,2,1,1,1,1
252,1956,6,0,0,0,1,3
252,1964,13,4,0.3077,1.5,1,4
252,1968,19,0,0,0,1,5
252,1972,19,0,0,0,0.9722,4
252,1976,13,1,0.0769,1,1,3
252,1980,9,0,0,0,1,1
252,1984,16,0,0,0,0.6522,5
252,1988,6,0,0,0,0.5,3
252,1992,7,0,0,0,1,2
252,1996,12,1,0.0833,2,0.625,6
252,2000,19,1,0.0526,2,0.7586,3
252,2004,19,1,0.0526,1,0.6154,4
252,2008,28,5,0.1786,1.2,0.6286,4
252,2012,25,9,0.36,1.1111,0.6842,6
252,2016,28,1,0.0357,1,0.5814,8
252,2020,33,0,0,0,0.6591,8
252,2024,17,0,0,0,0.6087,3
253,1960,42,0,0,0,1,7
253,1964,9,2,0.2222,1,1,3
253,1968,7,1,0.1429,2,1,2
253,1972,35,1,0.0286,1,1,5
253,1976,15,0,0,0,0.875,3
253,1984,23,0,0,0,0.8571,6
253,1988,41,0,0,0,0.8889,6
253,1992,13,0,0,0,0.7333,7
253,1996,51,1,0.0196,1,0.8654,9
253,2000,47,0,0,0,0.8511,10
253,2004,54,0,0,0,0.8125,14
253,2008,26,1,0.0385,1,0.5862,10
253,2012,83,2,0.0241,1.5,0.7586,17
253,2016,61,3,0.0492,1,0.6769,17
253,2020,63,2,0.0317,1,0.5068,17
253,2024,26,3,0.1154,1,0.5484,15
254,1906,1,0,0,0,1,1
254,1912,2,0,0,0,1,1
254,1924,22,0,0,0,1,5
254,1928,31,0,0,0,1,6
254,1932,1,0,0,0,1,1
254,1936,48,2,0.0417,1,0.9677,7
254,1948,58,12,0.2069,1,0.9885,7
254,1952,51,3,0.0588,1,1,4
254,1956,19,7,0.3684,1,1,2
254,1960,49,9,0.1837,1,0.931,6
254,1964,23,6,0.2609,1,1,4
254,1968,29,2,0.069,1,1,4
254,1972,43,1,0.0233,1,0.98,8
254,1976,27,0,0,0,0.9643,8
254,1984,46,3,0.0652,1,0.9516,10
254,1988,41,2,0.0488,1,0.8431,9
254,1992,41,6,0.1463,1,0.8519,10
254,1996,53,6,0.1132,1,0.7869,9
254,2000,57,5,0.0877,1,0.7015,10
254,2004,64,11,0.1719,1,0.6351,10
254,2008,67,7,0.1045,1,0.7042,12
254,2012,112,5,0.0446,1,0.437,16
254,2016,100,8,0.08,1,0.5462,21
254,2020,107,13,0.1215,1,0.5468,18
254,2024,101,11,0.1089,1,0.6,19
255,2008,3,0,0,0,0.6667,2
255,2012,3,0,0,0,0.6667,2
255,2016,1,0,0,0,1,1
255,2020,2,0,0,0,0.5,1
255,2024,2,0,0,0,0.5,1
257,1984,7,0,0,0,1,1
257,1988,12,0,0,0,1,2
257,1992,13,0,0,0,1,3
257,1996,4,0,0,0,1,4
257,2000,4,0,0,0,1,3
257,2004,4,1,0.25,1,1,3
257,2008,8,0,0,0,0.7778,7
257,2012,26,0,0,0,0.9231,6
257,2016,12,1,0.0833,1,0.75,6
257,2020,5,0,0,0,1,4
257,2024,13,0,0,0,0.75,5
258,1960,74,2,0.027,1,1,12
259,1956,3,0,0,0,1,1
259,1960,10,0,0,0,1,2
259,1964,13,0,0,0,0.8421,2
259,1968,11,2,0.1818,1,1,2
259,1972,33,2,0.0606,1,0.9429,3
259,1980,13,1,0.0769,1,1,2
259,1984,26,0,0,0,0.9333,5
259,1988,24,0,0,0,0.7333,3
259,1992,8,0,0,0,0.7778,3
259,1996,10,1,0.1,1,0.5833,4
259,2000,13,0,0,0,0.6923,5
259,2004,11,0,0,0,0.8182,4
259,2008,11,0,0,0,0.8182,4
259,2012,15,1,0.0667,1,0.75,4
259,2016,21,0,0,0,0.6522,3
259,2020,25,3,0.12,1.3333,0.5,4
259,2024,25,2,0.08,1,0.5185,4
260,1996,231,31,0.1342,1.0417,0.6211,21
260,2000,230,32,0.1391,1.0972,0.587,23
260,2004,239,46,0.1925,1.0333,0.5462,23
260,2008,243,31,0.1276,1,0.4924,24
260,2012,230,24,0.1043,1.1667,0.5296,25
260,2016,204,13,0.0637,1.1562,0.4669,24
260,2020,153,25,0.1634,1.1458,0.4667,28
260,2024,141,15,0.1064,1.0357,0.5613,25
261,1912,2,0,0,0,1,1
262,1952,295,87,0.2949,1.2369,0.7849,18
262,1956,281,137,0.4875,1.2128,0.8102,18
262,1960,283,138,0.4876,1.1615,0.7609,17
262,1964,316,151,0.4778,1.1487,0.7559,19
262,1968,311,158,0.508,1.1923,0.7389,18
262,1972,371,185,0.4987,1.1632,0.7476,22
262,1976,408,256,0.6275,1.1201,0.6707,22
262,1980,489,385,0.7873,1.1844,0.6712,23
262,1988,479,264,0.5511,1.1369,0.643,27
263,1924,26,14,0.5385,1,1,4
263,1928,17,17,1,1,1,1
263,1932,2,1,0.5,1,1,2
263,1936,37,0,0,0,1,6
263,1948,61,3,0.0492,1,0.9873,11
263,1952,32,14,0.4375,1,0.9762,9
263,1956,21,12,0.5714,1,1,5
263,1960,34,0,0,0,1,8
263,1964,23,1,0.0435,1,1,4
263,1968,27,0,0,0,0.44,8
263,1972,13,0,0,0,0.65,5
263,1976,9,0,0,0,0.8,5
263,1984,18,0,0,0,0.913,5
263,1988,15,0,0,0,0.8889,8
263,1992,16,0,0,0,1,11
263,1996,14,0,0,0,0.8667,8
263,2000,15,1,0.0667,1,0.8235,7
263,2004,15,0,0,0,0.8889,6
263,2008,12,0,0,0,0.7692,6
263,2012,27,0,0,0,0.8889,8
263,2016,17,0,0,0,0.7059,8
263,2020,11,0,0,0,0.5455,5
263,2024,27,0,0,0,0.8519,9
265,1896,14,12,0.8571,1.6,1,3
265,1900,75,44,0.5867,1.1696,0.9333,10
265,1904,518,285,0.5502,1.3907,0.9856,18
265,1906,38,16,0.4211,1.2667,1,5
265,1908,119,52,0.437,1.0997,1,10
265,1912,172,74,0.4302,1.3228,1,10
265,1920,285,132,0.4632,1.2705,0.9535,18
265,1924,297,156,0.5253,1.1342,0.9237,18
265,1928,277,76,0.2744,1.1518,0.8732,15
265,1932,463,167,0.3607,1.1089,0.8331,17
265,1936,352,85,0.2415,1.0463,0.8809,21
265,1948,289,127,0.4394,1.1779,0.8632,19
265,1952,279,122,0.4373,1.0407,0.7805,18
265,1956,300,111,0.37,1.0476,0.7788,19
265,1960,289,104,0.3599,1.1165,0.7617,17
265,1964,344,142,0.4128,1.0634,0.7236,19
265,1968,355,116,0.3268,1.1325,0.7127,18
265,1972,397,132,0.3325,1.0879,0.7318,21
265,1976,391,135,0.3453,1.0834,0.6715,19
265,1984,519,289,0.5568,1.157,0.6306,25
265,1988,526,173,0.3289,1.1262,0.6028,27
265,1992,540,185,0.3426,1.116,0.6185,28
265,1996,647,227,0.3509,1.0717,0.5697,31
265,2000,586,213,0.3635,1.0654,0.555,31
265,2004,533,214,0.4015,1.0953,0.5317,31
265,2008,587,263,0.448,1.119,0.5203,32
265,2012,529,201,0.38,1.131,0.5022,31
265,2016,555,211,0.3802,1.1453,0.4868,33
265,2020,633,260,0.4107,1.0649,0.4673,44
265,2024,619,258,0.4168,1.1165,0.4719,47
266,1996,71,2,0.0282,1,0.7895,12
266,2000,70,4,0.0571,1,0.6824,12
266,2004,69,5,0.0725,1,0.7215,14
266,2008,56,6,0.1071,1,0.7101,14
266,2012,53,3,0.0566,1,0.6607,14
266,2016,70,13,0.1857,1,0.6625,15
266,2020,67,5,0.0746,1,0.5765,16
266,2024,88,13,0.1477,1,0.6807,17
268,1988,4,0,0,0,0.6667,2
268,1992,6,0,0,0,0.625,1
268,1996,4,0,0,0,0.75,1
268,2000,3,0,0,0,0.6667,2
268,2004,2,0,0,0,0.5,1
268,2008,3,0,0,0,0.3333,2
268,2012,5,0,0,0,0.6,3
268,2016,4,0,0,0,1,4
268,2020,3,0,0,0,1,3
268,2024,6,0,0,0,0.3333,5
269,1932,1,0,0,0,1,1
269,1948,1,0,0,0,1,1
269,1952,38,1,0.0263,1,0.9683,8
269,1956,22,0,0,0,1,5
269,1960,36,1,0.0278,1,0.8333,9
269,1964,16,0,0,0,0.913,5
269,1968,23,1,0.0435,1,1,5
269,1972,23,0,0,0,0.7576,4
269,1976,32,1,0.0312,1,0.6071,6
269,1980,37,1,0.027,1,1,7
269,1984,26,3,0.1154,1,0.9773,10
269,1988,17,0,0,0,0.8824,7
269,1992,26,0,0,0,0.8519,8
269,1996,39,0,0,0,0.8868,12
269,2000,50,0,0,0,0.6615,17
269,2004,48,2,0.0417,1,0.6604,15
269,2008,108,1,0.0093,1,0.5397,21
269,2012,68,1,0.0147,1,0.5765,15
269,2016,85,3,0.0353,1,0.7238,20
269,2020,43,4,0.093,1,0.7021,16
269,2024,31,0,0,0,0.5946,10
271,1980,29,0,0,0,0.7368,4
271,1988,9,0,0,0,0.8333,6
271,1992,7,0,0,0,0.2,3
271,1996,6,0,0,0,0.5,4
271,2000,7,1,0.1429,1,0.4286,4
271,2004,11,0,0,0,0.5455,8
271,2008,13,1,0.0769,1,0.4444,8
271,2012,18,0,0,0,0.3333,11
271,2016,22,1,0.0455,2,0.4286,10
271,2020,18,0,0,0,0.4783,11
271,2024,15,0,0,0,0.3,11
272,1988,6,0,0,0,0.8333,1
272,1992,6,0,0,0,0.75,1
272,1996,8,0,0,0,0.9167,1
272,2000,4,0,0,0,0.5,2
272,2004,3,0,0,0,0.6667,2
272,2008,2,0,0,0,0.5,1
272,2012,3,0,0,0,0.6667,2
272,2016,4,0,0,0,0.5,2
272,2020,3,0,0,0,0.3333,2
272,2024,4,0,0,0,0.5,2
273,1952,8,0,0,0,1,5
273,1956,6,0,0,0,1,1
273,1960,3,0,0,0,1,2
273,1964,15,0,0,0,1,5
273,1968,9,0,0,0,0.7778,5
273,1972,2,0,0,0,1,1
274,1960,13,4,0.3077,1.25,1,5
275,1984,2,0,0,0,1,1
275,1988,8,0,0,0,1,3
276,1992,8,0,0,0,1,2
276,1996,4,0,0,0,1,2
276,2000,2,0,0,0,0.5,1
276,2004,3,0,0,0,1,3
276,2008,5,0,0,0,0.875,4
276,2012,4,0,0,0,0.75,3
276,2016,3,0,0,0,0.6667,3
276,2020,5,0,0,0,0.6667,4
276,2024,4,0,0,0,0.75,4
277,1988,5,0,0,0,1,2
278,1920,15,0,0,0,1,1
278,1924,42,1,0.0238,2,1,9
278,1928,34,8,0.2353,1.5,1,6
278,1932,1,0,0,0,1,1
278,1936,93,1,0.0108,1,0.9133,13
278,1948,90,16,0.1778,1,0.9259,8
278,1952,87,24,0.2759,1,0.701,11
278,1956,35,23,0.6571,1,0.8919,8
278,1960,116,17,0.1466,1,0.8811,14
278,1964,75,14,0.1867,1.3333,0.9675,9
278,1968,69,28,0.4058,1.1667,0.8154,11
278,1972,126,18,0.1429,1,0.7877,15
278,1976,88,18,0.2045,1.2,0.9474,14
278,1980,164,57,0.3476,1,0.8444,17
278,1984,139,85,0.6115,1.0833,0.7727,16
278,1988,155,62,0.4,1.0625,0.7541,18
280,1964,12,0,0,0,0.9333,5
280,1968,7,0,0,0,1,2
280,1972,11,0,0,0,0.6667,2
280,1980,37,0,0,0,1,4
280,1984,16,1,0.0625,1,1,3
280,1988,29,0,0,0,1,3
280,1992,9,0,0,0,0.7273,3
280,1996,8,1,0.125,1,0.875,2
280,2000,8,0,0,0,0.75,3
280,2004,6,0,0,0,0.6667,3
280,2008,8,0,0,0,0.75,4
280,2012,7,0,0,0,0.7143,4
280,2016,7,0,0,0,0.7143,4
280,2020,30,0,0,0,0.1935,5
280,2024,31,1,0.0323,1,0.3125,5
281,1928,2,0,0,0,1,1
281,1960,4,0,0,0,0,1
281,1964,29,0,0,0,0.8182,7
281,1980,42,15,0.3571,1,0.5769,10
281,1984,15,0,0,0,0.85,5
281,1988,29,0,0,0,0.8085,10
281,1992,19,0,0,0,0.5714,6
281,1996,13,0,0,0,0.8571,6
281,2000,16,0,0,0,0.6923,5
281,2004,12,1,0.0833,3,0.6429,4
281,2008,13,1,0.0769,4,0.5,6
281,2012,7,0,0,0,0.4444,4
281,2016,30,0,0,0,0.2903,7
281,2020,5,0,0,0,0.8,4
281,2024,7,0,0,0,0.7143,3
